nohup: ignoring input

======================================================================
🔴 AUTO SCALING GROUP ML MONITORING
======================================================================

🔍 Initializing ASG Discovery...

🤖 Loading ML Model...
   ✅ Model loaded!

📧 Initializing Alert System...
   ✅ SNS enabled: arn:aws:sns:us-east-1:486408064722:ml-auto-scaling

======================================================================
🔄 STARTING ASG CONTINUOUS MONITORING
======================================================================
   ASG: ML-Auto-scaling-Group
   Check interval: 30 seconds
   CPU Critical: 80%
   Disk Critical: 85%
   Press Ctrl+C to stop
======================================================================

🔍 Discovering instances in ASG: ML-Auto-scaling-Group
   ✅ Found 1 running instances:
      • ASG-dba62b23 (i-07aeddb27dba62b23) - us-east-1a

📈 SCALE OUT: Added instances: i-07aeddb27dba62b23

======================================================================
⏰ ASG CHECK: 2025-12-03 10:28:20
======================================================================

📦 ASG: ML-Auto-scaling-Group
   Capacity: 1/1 (min:1, max:1)

──────────────────────────────────────────────────
🖥️  ASG-dba62b23 (i-07aeddb27dba62b23)
   AZ: us-east-1a | Type: t2.micro
   📊 CPU: 3.67% | Disk: N/A

🔧 FEATURE ENGINEERING
============================================================
   ✅ Created 38 features
   🔮 Predicted (1h): CPU: 67.2%

==================================================
📊 ASG AGGREGATE METRICS
==================================================
   Average CPU: 3.67%
   Max CPU: 3.67%
   Instances monitored: 1

✅ All instances healthy. No alerts.

⏳ Next check in 30 seconds...

======================================================================
⏰ ASG CHECK: 2025-12-03 10:28:50
======================================================================

📦 ASG: ML-Auto-scaling-Group
   Capacity: 1/1 (min:1, max:1)

──────────────────────────────────────────────────
🖥️  ASG-dba62b23 (i-07aeddb27dba62b23)
   AZ: us-east-1a | Type: t2.micro
   📊 CPU: 3.67% | Disk: N/A

🔧 FEATURE ENGINEERING
============================================================
   ✅ Created 38 features
   🔮 Predicted (1h): CPU: 67.2%

==================================================
📊 ASG AGGREGATE METRICS
==================================================
   Average CPU: 3.67%
   Max CPU: 3.67%
   Instances monitored: 1

✅ All instances healthy. No alerts.

⏳ Next check in 30 seconds...

======================================================================
⏰ ASG CHECK: 2025-12-03 10:29:21
======================================================================

📦 ASG: ML-Auto-scaling-Group
   Capacity: 1/1 (min:1, max:1)

──────────────────────────────────────────────────
🖥️  ASG-dba62b23 (i-07aeddb27dba62b23)
   AZ: us-east-1a | Type: t2.micro
   📊 CPU: 3.67% | Disk: N/A

🔧 FEATURE ENGINEERING
============================================================
   ✅ Created 38 features
   🔮 Predicted (1h): CPU: 67.2%

==================================================
📊 ASG AGGREGATE METRICS
==================================================
   Average CPU: 3.67%
   Max CPU: 3.67%
   Instances monitored: 1

✅ All instances healthy. No alerts.

⏳ Next check in 30 seconds...

======================================================================
⏰ ASG CHECK: 2025-12-03 10:29:51
======================================================================

📦 ASG: ML-Auto-scaling-Group
   Capacity: 1/1 (min:1, max:1)

──────────────────────────────────────────────────
🖥️  ASG-dba62b23 (i-07aeddb27dba62b23)
   AZ: us-east-1a | Type: t2.micro
   📊 CPU: 3.67% | Disk: N/A

🔧 FEATURE ENGINEERING
============================================================
   ✅ Created 38 features
   🔮 Predicted (1h): CPU: 67.2%

==================================================
📊 ASG AGGREGATE METRICS
==================================================
   Average CPU: 3.67%
   Max CPU: 3.67%
   Instances monitored: 1

✅ All instances healthy. No alerts.

⏳ Next check in 30 seconds...

======================================================================
⏰ ASG CHECK: 2025-12-03 10:30:21
======================================================================

📦 ASG: ML-Auto-scaling-Group
   Capacity: 1/1 (min:1, max:1)

──────────────────────────────────────────────────
🖥️  ASG-dba62b23 (i-07aeddb27dba62b23)
   AZ: us-east-1a | Type: t2.micro
   📊 CPU: 3.67% | Disk: N/A

🔧 FEATURE ENGINEERING
============================================================
   ✅ Created 38 features
   🔮 Predicted (1h): CPU: 67.2%

==================================================
📊 ASG AGGREGATE METRICS
==================================================
   Average CPU: 3.67%
   Max CPU: 3.67%
   Instances monitored: 1

✅ All instances healthy. No alerts.

⏳ Next check in 30 seconds...

======================================================================
⏰ ASG CHECK: 2025-12-03 10:30:52
======================================================================

📦 ASG: ML-Auto-scaling-Group
   Capacity: 1/1 (min:1, max:1)

──────────────────────────────────────────────────
🖥️  ASG-dba62b23 (i-07aeddb27dba62b23)
   AZ: us-east-1a | Type: t2.micro
   📊 CPU: 3.67% | Disk: N/A

🔧 FEATURE ENGINEERING
============================================================
   ✅ Created 38 features
   🔮 Predicted (1h): CPU: 67.2%

==================================================
📊 ASG AGGREGATE METRICS
==================================================
   Average CPU: 3.67%
   Max CPU: 3.67%
   Instances monitored: 1

✅ All instances healthy. No alerts.

⏳ Next check in 30 seconds...

======================================================================
⏰ ASG CHECK: 2025-12-03 10:31:22
======================================================================

📦 ASG: ML-Auto-scaling-Group
   Capacity: 1/1 (min:1, max:1)

──────────────────────────────────────────────────
🖥️  ASG-dba62b23 (i-07aeddb27dba62b23)
   AZ: us-east-1a | Type: t2.micro
   📊 CPU: 3.95% | Disk: N/A

🔧 FEATURE ENGINEERING
============================================================
   ✅ Created 38 features
   🔮 Predicted (1h): CPU: 67.2%

==================================================
📊 ASG AGGREGATE METRICS
==================================================
   Average CPU: 3.95%
   Max CPU: 3.95%
   Instances monitored: 1

✅ All instances healthy. No alerts.

⏳ Next check in 30 seconds...

======================================================================
⏰ ASG CHECK: 2025-12-03 10:31:52
======================================================================

📦 ASG: ML-Auto-scaling-Group
   Capacity: 1/1 (min:1, max:1)

──────────────────────────────────────────────────
🖥️  ASG-dba62b23 (i-07aeddb27dba62b23)
   AZ: us-east-1a | Type: t2.micro
   📊 CPU: 3.95% | Disk: N/A

🔧 FEATURE ENGINEERING
============================================================
   ✅ Created 38 features
   🔮 Predicted (1h): CPU: 67.2%

==================================================
📊 ASG AGGREGATE METRICS
==================================================
   Average CPU: 3.95%
   Max CPU: 3.95%
   Instances monitored: 1

✅ All instances healthy. No alerts.

⏳ Next check in 30 seconds...

======================================================================
⏰ ASG CHECK: 2025-12-03 10:32:22
======================================================================

📦 ASG: ML-Auto-scaling-Group
   Capacity: 1/1 (min:1, max:1)

──────────────────────────────────────────────────
🖥️  ASG-dba62b23 (i-07aeddb27dba62b23)
   AZ: us-east-1a | Type: t2.micro
   📊 CPU: 6.27% | Disk: N/A

🔧 FEATURE ENGINEERING
============================================================
   ✅ Created 38 features
   🔮 Predicted (1h): CPU: 67.2%

==================================================
📊 ASG AGGREGATE METRICS
==================================================
   Average CPU: 6.27%
   Max CPU: 6.27%
   Instances monitored: 1

✅ All instances healthy. No alerts.

⏳ Next check in 30 seconds...

======================================================================
⏰ ASG CHECK: 2025-12-03 10:32:53
======================================================================

📦 ASG: ML-Auto-scaling-Group
   Capacity: 1/1 (min:1, max:1)

──────────────────────────────────────────────────
🖥️  ASG-dba62b23 (i-07aeddb27dba62b23)
   AZ: us-east-1a | Type: t2.micro
   📊 CPU: 7.22% | Disk: N/A

🔧 FEATURE ENGINEERING
============================================================
   ✅ Created 38 features
   🔮 Predicted (1h): CPU: 67.2%

==================================================
📊 ASG AGGREGATE METRICS
==================================================
   Average CPU: 7.22%
   Max CPU: 7.22%
   Instances monitored: 1

✅ All instances healthy. No alerts.

⏳ Next check in 30 seconds...

======================================================================
⏰ ASG CHECK: 2025-12-03 10:33:23
======================================================================

🔍 Discovering instances in ASG: ML-Auto-scaling-Group
   ✅ Found 1 running instances:
      • ASG-dba62b23 (i-07aeddb27dba62b23) - us-east-1a

📦 ASG: ML-Auto-scaling-Group
   Capacity: 1/1 (min:1, max:1)

──────────────────────────────────────────────────
🖥️  ASG-dba62b23 (i-07aeddb27dba62b23)
   AZ: us-east-1a | Type: t2.micro
   📊 CPU: 7.22% | Disk: N/A

🔧 FEATURE ENGINEERING
============================================================
   ✅ Created 38 features
   🔮 Predicted (1h): CPU: 67.2%

==================================================
📊 ASG AGGREGATE METRICS
==================================================
   Average CPU: 7.22%
   Max CPU: 7.22%
   Instances monitored: 1

✅ All instances healthy. No alerts.

⏳ Next check in 30 seconds...

======================================================================
⏰ ASG CHECK: 2025-12-03 10:33:54
======================================================================

📦 ASG: ML-Auto-scaling-Group
   Capacity: 1/1 (min:1, max:1)

──────────────────────────────────────────────────
🖥️  ASG-dba62b23 (i-07aeddb27dba62b23)
   AZ: us-east-1a | Type: t2.micro
   📊 CPU: 29.89% | Disk: N/A

🔧 FEATURE ENGINEERING
============================================================
   ✅ Created 38 features
   🔮 Predicted (1h): CPU: 61.6%

==================================================
📊 ASG AGGREGATE METRICS
==================================================
   Average CPU: 29.89%
   Max CPU: 29.89%
   Instances monitored: 1

✅ All instances healthy. No alerts.

⏳ Next check in 30 seconds...

======================================================================
⏰ ASG CHECK: 2025-12-03 10:34:24
======================================================================

📦 ASG: ML-Auto-scaling-Group
   Capacity: 1/1 (min:1, max:1)

──────────────────────────────────────────────────
🖥️  ASG-dba62b23 (i-07aeddb27dba62b23)
   AZ: us-east-1a | Type: t2.micro
   📊 CPU: 42.16% | Disk: N/A

🔧 FEATURE ENGINEERING
============================================================
   ✅ Created 38 features
   🔮 Predicted (1h): CPU: 56.1%

==================================================
📊 ASG AGGREGATE METRICS
==================================================
   Average CPU: 42.16%
   Max CPU: 42.16%
   Instances monitored: 1

✅ All instances healthy. No alerts.

⏳ Next check in 30 seconds...

======================================================================
⏰ ASG CHECK: 2025-12-03 10:34:54
======================================================================

📦 ASG: ML-Auto-scaling-Group
   Capacity: 1/1 (min:1, max:1)

──────────────────────────────────────────────────
🖥️  ASG-dba62b23 (i-07aeddb27dba62b23)
   AZ: us-east-1a | Type: t2.micro
   📊 CPU: 42.16% | Disk: N/A

🔧 FEATURE ENGINEERING
============================================================
   ✅ Created 38 features
   🔮 Predicted (1h): CPU: 56.1%

==================================================
📊 ASG AGGREGATE METRICS
==================================================
   Average CPU: 42.16%
   Max CPU: 42.16%
   Instances monitored: 1

✅ All instances healthy. No alerts.

⏳ Next check in 30 seconds...

======================================================================
⏰ ASG CHECK: 2025-12-03 10:35:25
======================================================================

📦 ASG: ML-Auto-scaling-Group
   Capacity: 1/1 (min:1, max:1)

──────────────────────────────────────────────────
🖥️  ASG-dba62b23 (i-07aeddb27dba62b23)
   AZ: us-east-1a | Type: t2.micro
   📊 CPU: 42.16% | Disk: N/A

🔧 FEATURE ENGINEERING
============================================================
   ✅ Created 38 features
   🔮 Predicted (1h): CPU: 56.1%

==================================================
📊 ASG AGGREGATE METRICS
==================================================
   Average CPU: 42.16%
   Max CPU: 42.16%
   Instances monitored: 1

✅ All instances healthy. No alerts.

⏳ Next check in 30 seconds...

======================================================================
⏰ ASG CHECK: 2025-12-03 10:35:55
======================================================================

📦 ASG: ML-Auto-scaling-Group
   Capacity: 1/1 (min:1, max:1)

──────────────────────────────────────────────────
🖥️  ASG-dba62b23 (i-07aeddb27dba62b23)
   AZ: us-east-1a | Type: t2.micro
   📊 CPU: 42.16% | Disk: N/A

🔧 FEATURE ENGINEERING
============================================================
   ✅ Created 38 features
   🔮 Predicted (1h): CPU: 56.1%

==================================================
📊 ASG AGGREGATE METRICS
==================================================
   Average CPU: 42.16%
   Max CPU: 42.16%
   Instances monitored: 1

✅ All instances healthy. No alerts.

⏳ Next check in 30 seconds...

======================================================================
⏰ ASG CHECK: 2025-12-03 10:36:25
======================================================================

📦 ASG: ML-Auto-scaling-Group
   Capacity: 1/1 (min:1, max:1)

──────────────────────────────────────────────────
🖥️  ASG-dba62b23 (i-07aeddb27dba62b23)
   AZ: us-east-1a | Type: t2.micro
   📊 CPU: 3.75% | Disk: N/A

🔧 FEATURE ENGINEERING
============================================================
   ✅ Created 38 features
   🔮 Predicted (1h): CPU: 67.2%

==================================================
📊 ASG AGGREGATE METRICS
==================================================
   Average CPU: 3.75%
   Max CPU: 3.75%
   Instances monitored: 1

✅ All instances healthy. No alerts.

⏳ Next check in 30 seconds...

======================================================================
⏰ ASG CHECK: 2025-12-03 10:36:55
======================================================================

📦 ASG: ML-Auto-scaling-Group
   Capacity: 1/1 (min:1, max:1)

──────────────────────────────────────────────────
🖥️  ASG-dba62b23 (i-07aeddb27dba62b23)
   AZ: us-east-1a | Type: t2.micro
   📊 CPU: 28.58% | Disk: N/A

🔧 FEATURE ENGINEERING
============================================================
   ✅ Created 38 features
   🔮 Predicted (1h): CPU: 61.7%

==================================================
📊 ASG AGGREGATE METRICS
==================================================
   Average CPU: 28.58%
   Max CPU: 28.58%
   Instances monitored: 1

✅ All instances healthy. No alerts.

⏳ Next check in 30 seconds...

======================================================================
⏰ ASG CHECK: 2025-12-03 10:37:26
======================================================================

📦 ASG: ML-Auto-scaling-Group
   Capacity: 1/1 (min:1, max:1)

──────────────────────────────────────────────────
🖥️  ASG-dba62b23 (i-07aeddb27dba62b23)
   AZ: us-east-1a | Type: t2.micro
   📊 CPU: 28.58% | Disk: N/A

🔧 FEATURE ENGINEERING
============================================================
   ✅ Created 38 features
   🔮 Predicted (1h): CPU: 61.7%

==================================================
📊 ASG AGGREGATE METRICS
==================================================
   Average CPU: 28.58%
   Max CPU: 28.58%
   Instances monitored: 1

✅ All instances healthy. No alerts.

⏳ Next check in 30 seconds...

======================================================================
⏰ ASG CHECK: 2025-12-03 10:37:56
======================================================================

📦 ASG: ML-Auto-scaling-Group
   Capacity: 1/1 (min:1, max:1)

──────────────────────────────────────────────────
🖥️  ASG-dba62b23 (i-07aeddb27dba62b23)
   AZ: us-east-1a | Type: t2.micro
   📊 CPU: 51.76% | Disk: N/A

🔧 FEATURE ENGINEERING
============================================================
   ✅ Created 38 features
   🔮 Predicted (1h): CPU: 59.2%

==================================================
📊 ASG AGGREGATE METRICS
==================================================
   Average CPU: 51.76%
   Max CPU: 51.76%
   Instances monitored: 1

✅ All instances healthy. No alerts.

⏳ Next check in 30 seconds...

======================================================================
⏰ ASG CHECK: 2025-12-03 10:38:26
======================================================================

🔍 Discovering instances in ASG: ML-Auto-scaling-Group
   ✅ Found 1 running instances:
      • ASG-dba62b23 (i-07aeddb27dba62b23) - us-east-1a

📦 ASG: ML-Auto-scaling-Group
   Capacity: 1/1 (min:1, max:1)

──────────────────────────────────────────────────
🖥️  ASG-dba62b23 (i-07aeddb27dba62b23)
   AZ: us-east-1a | Type: t2.micro
   📊 CPU: 63.33% | Disk: N/A

🔧 FEATURE ENGINEERING
============================================================
   ✅ Created 38 features
   🔮 Predicted (1h): CPU: 62.2%

==================================================
📊 ASG AGGREGATE METRICS
==================================================
   Average CPU: 63.33%
   Max CPU: 63.33%
   Instances monitored: 1

✅ All instances healthy. No alerts.

⏳ Next check in 30 seconds...

======================================================================
⏰ ASG CHECK: 2025-12-03 10:38:57
======================================================================

📦 ASG: ML-Auto-scaling-Group
   Capacity: 1/1 (min:1, max:1)

──────────────────────────────────────────────────
🖥️  ASG-dba62b23 (i-07aeddb27dba62b23)
   AZ: us-east-1a | Type: t2.micro
   📊 CPU: 63.33% | Disk: N/A

🔧 FEATURE ENGINEERING
============================================================
   ✅ Created 38 features
   🔮 Predicted (1h): CPU: 62.2%

==================================================
📊 ASG AGGREGATE METRICS
==================================================
   Average CPU: 63.33%
   Max CPU: 63.33%
   Instances monitored: 1

✅ All instances healthy. No alerts.

⏳ Next check in 30 seconds...

======================================================================
⏰ ASG CHECK: 2025-12-03 10:39:27
======================================================================

📦 ASG: ML-Auto-scaling-Group
   Capacity: 1/1 (min:1, max:1)

──────────────────────────────────────────────────
🖥️  ASG-dba62b23 (i-07aeddb27dba62b23)
   AZ: us-east-1a | Type: t2.micro
   📊 CPU: 70.26% | Disk: N/A

🔧 FEATURE ENGINEERING
============================================================
   ✅ Created 38 features
   🔮 Predicted (1h): CPU: 65.9%

==================================================
📊 ASG AGGREGATE METRICS
==================================================
   Average CPU: 70.26%
   Max CPU: 70.26%
   Instances monitored: 1

🚨 1 ALERT(S) TRIGGERED!
   📧 Alert sent via SNS!

⏳ Next check in 30 seconds...

======================================================================
⏰ ASG CHECK: 2025-12-03 10:39:57
======================================================================

📦 ASG: ML-Auto-scaling-Group
   Capacity: 1/1 (min:1, max:1)

──────────────────────────────────────────────────
🖥️  ASG-dba62b23 (i-07aeddb27dba62b23)
   AZ: us-east-1a | Type: t2.micro
   📊 CPU: 70.26% | Disk: N/A

🔧 FEATURE ENGINEERING
============================================================
   ✅ Created 38 features
   🔮 Predicted (1h): CPU: 65.9%

==================================================
📊 ASG AGGREGATE METRICS
==================================================
   Average CPU: 70.26%
   Max CPU: 70.26%
   Instances monitored: 1

🚨 1 ALERT(S) TRIGGERED!
   📧 Alert sent via SNS!

⏳ Next check in 30 seconds...

======================================================================
⏰ ASG CHECK: 2025-12-03 10:40:28
======================================================================

📦 ASG: ML-Auto-scaling-Group
   Capacity: 1/1 (min:1, max:1)

──────────────────────────────────────────────────
🖥️  ASG-dba62b23 (i-07aeddb27dba62b23)
   AZ: us-east-1a | Type: t2.micro
   📊 CPU: 70.26% | Disk: N/A

🔧 FEATURE ENGINEERING
============================================================
   ✅ Created 38 features
   🔮 Predicted (1h): CPU: 65.9%

==================================================
📊 ASG AGGREGATE METRICS
==================================================
   Average CPU: 70.26%
   Max CPU: 70.26%
   Instances monitored: 1

🚨 1 ALERT(S) TRIGGERED!
   📧 Alert sent via SNS!

⏳ Next check in 30 seconds...

======================================================================
⏰ ASG CHECK: 2025-12-03 10:40:58
======================================================================

📦 ASG: ML-Auto-scaling-Group
   Capacity: 1/1 (min:1, max:1)

──────────────────────────────────────────────────
🖥️  ASG-dba62b23 (i-07aeddb27dba62b23)
   AZ: us-east-1a | Type: t2.micro
   📊 CPU: 70.26% | Disk: N/A

🔧 FEATURE ENGINEERING
============================================================
   ✅ Created 38 features
   🔮 Predicted (1h): CPU: 65.9%

==================================================
📊 ASG AGGREGATE METRICS
==================================================
   Average CPU: 70.26%
   Max CPU: 70.26%
   Instances monitored: 1

🚨 1 ALERT(S) TRIGGERED!
   📧 Alert sent via SNS!

⏳ Next check in 30 seconds...

======================================================================
⏰ ASG CHECK: 2025-12-03 10:41:28
======================================================================

📦 ASG: ML-Auto-scaling-Group
   Capacity: 1/1 (min:1, max:1)

──────────────────────────────────────────────────
🖥️  ASG-dba62b23 (i-07aeddb27dba62b23)
   AZ: us-east-1a | Type: t2.micro
   📊 CPU: 98.11% | Disk: N/A
   ⚡ CPU SPIKE on i-07aeddb27dba62b23: 70.3% → 98.1%

🔧 FEATURE ENGINEERING
============================================================
   ✅ Created 38 features
   🔮 Predicted (1h): CPU: 66.6%

==================================================
📊 ASG AGGREGATE METRICS
==================================================
   Average CPU: 98.11%
   Max CPU: 98.11%
   Instances monitored: 1

🚨 3 ALERT(S) TRIGGERED!
   📧 Alert sent via SNS!

⏳ Next check in 30 seconds...

======================================================================
⏰ ASG CHECK: 2025-12-03 10:41:59
======================================================================

📦 ASG: ML-Auto-scaling-Group
   Capacity: 1/1 (min:1, max:1)

──────────────────────────────────────────────────
🖥️  ASG-dba62b23 (i-07aeddb27dba62b23)
   AZ: us-east-1a | Type: t2.micro
   📊 CPU: 71.45% | Disk: N/A

🔧 FEATURE ENGINEERING
============================================================
   ✅ Created 38 features
   🔮 Predicted (1h): CPU: 66.4%

==================================================
📊 ASG AGGREGATE METRICS
==================================================
   Average CPU: 71.45%
   Max CPU: 71.45%
   Instances monitored: 1

🚨 1 ALERT(S) TRIGGERED!
   📧 Alert sent via SNS!

⏳ Next check in 30 seconds...

======================================================================
⏰ ASG CHECK: 2025-12-03 10:42:29
======================================================================

📦 ASG: ML-Auto-scaling-Group
   Capacity: 1/1 (min:1, max:1)

──────────────────────────────────────────────────
🖥️  ASG-dba62b23 (i-07aeddb27dba62b23)
   AZ: us-east-1a | Type: t2.micro
   📊 CPU: 71.45% | Disk: N/A

🔧 FEATURE ENGINEERING
============================================================
   ✅ Created 38 features
   🔮 Predicted (1h): CPU: 66.4%

==================================================
📊 ASG AGGREGATE METRICS
==================================================
   Average CPU: 71.45%
   Max CPU: 71.45%
   Instances monitored: 1

🚨 1 ALERT(S) TRIGGERED!
   📧 Alert sent via SNS!

⏳ Next check in 30 seconds...

======================================================================
⏰ ASG CHECK: 2025-12-03 10:42:59
======================================================================

📦 ASG: ML-Auto-scaling-Group
   Capacity: 1/1 (min:1, max:1)

──────────────────────────────────────────────────
🖥️  ASG-dba62b23 (i-07aeddb27dba62b23)
   AZ: us-east-1a | Type: t2.micro
   📊 CPU: 48.84% | Disk: N/A

🔧 FEATURE ENGINEERING
============================================================
   ✅ Created 38 features
   🔮 Predicted (1h): CPU: 54.2%

==================================================
📊 ASG AGGREGATE METRICS
==================================================
   Average CPU: 48.84%
   Max CPU: 48.84%
   Instances monitored: 1

✅ All instances healthy. No alerts.

⏳ Next check in 30 seconds...

======================================================================
⏰ ASG CHECK: 2025-12-03 10:43:30
======================================================================

🔍 Discovering instances in ASG: ML-Auto-scaling-Group
   ✅ Found 1 running instances:
      • ASG-dba62b23 (i-07aeddb27dba62b23) - us-east-1a

📦 ASG: ML-Auto-scaling-Group
   Capacity: 1/1 (min:1, max:1)

──────────────────────────────────────────────────
🖥️  ASG-dba62b23 (i-07aeddb27dba62b23)
   AZ: us-east-1a | Type: t2.micro
   📊 CPU: 37.55% | Disk: N/A

🔧 FEATURE ENGINEERING
============================================================
   ✅ Created 38 features
   🔮 Predicted (1h): CPU: 61.1%

==================================================
📊 ASG AGGREGATE METRICS
==================================================
   Average CPU: 37.55%
   Max CPU: 37.55%
   Instances monitored: 1

✅ All instances healthy. No alerts.

⏳ Next check in 30 seconds...

======================================================================
⏰ ASG CHECK: 2025-12-03 10:44:00
======================================================================

📦 ASG: ML-Auto-scaling-Group
   Capacity: 1/1 (min:1, max:1)

──────────────────────────────────────────────────
🖥️  ASG-dba62b23 (i-07aeddb27dba62b23)
   AZ: us-east-1a | Type: t2.micro
   📊 CPU: 37.55% | Disk: N/A

🔧 FEATURE ENGINEERING
============================================================
   ✅ Created 38 features
   🔮 Predicted (1h): CPU: 61.1%

==================================================
📊 ASG AGGREGATE METRICS
==================================================
   Average CPU: 37.55%
   Max CPU: 37.55%
   Instances monitored: 1

✅ All instances healthy. No alerts.

⏳ Next check in 30 seconds...

======================================================================
⏰ ASG CHECK: 2025-12-03 10:44:31
======================================================================

📦 ASG: ML-Auto-scaling-Group
   Capacity: 1/1 (min:1, max:1)

──────────────────────────────────────────────────
🖥️  ASG-dba62b23 (i-07aeddb27dba62b23)
   AZ: us-east-1a | Type: t2.micro
   📊 CPU: 30.77% | Disk: N/A

🔧 FEATURE ENGINEERING
============================================================
   ✅ Created 38 features
   🔮 Predicted (1h): CPU: 61.6%

==================================================
📊 ASG AGGREGATE METRICS
==================================================
   Average CPU: 30.77%
   Max CPU: 30.77%
   Instances monitored: 1

✅ All instances healthy. No alerts.

⏳ Next check in 30 seconds...

======================================================================
⏰ ASG CHECK: 2025-12-03 10:45:01
======================================================================

📦 ASG: ML-Auto-scaling-Group
   Capacity: 1/1 (min:1, max:1)

──────────────────────────────────────────────────
🖥️  ASG-dba62b23 (i-07aeddb27dba62b23)
   AZ: us-east-1a | Type: t2.micro
   📊 CPU: 30.77% | Disk: N/A

🔧 FEATURE ENGINEERING
============================================================
   ✅ Created 38 features
   🔮 Predicted (1h): CPU: 61.6%

==================================================
📊 ASG AGGREGATE METRICS
==================================================
   Average CPU: 30.77%
   Max CPU: 30.77%
   Instances monitored: 1

✅ All instances healthy. No alerts.

⏳ Next check in 30 seconds...

======================================================================
⏰ ASG CHECK: 2025-12-03 10:45:31
======================================================================

📦 ASG: ML-Auto-scaling-Group
   Capacity: 1/1 (min:1, max:1)

──────────────────────────────────────────────────
🖥️  ASG-dba62b23 (i-07aeddb27dba62b23)
   AZ: us-east-1a | Type: t2.micro
   📊 CPU: 30.77% | Disk: N/A

🔧 FEATURE ENGINEERING
============================================================
   ✅ Created 38 features
   🔮 Predicted (1h): CPU: 61.6%

==================================================
📊 ASG AGGREGATE METRICS
==================================================
   Average CPU: 30.77%
   Max CPU: 30.77%
   Instances monitored: 1

✅ All instances healthy. No alerts.

⏳ Next check in 30 seconds...

======================================================================
⏰ ASG CHECK: 2025-12-03 10:46:01
======================================================================

📦 ASG: ML-Auto-scaling-Group
   Capacity: 1/1 (min:1, max:1)

──────────────────────────────────────────────────
🖥️  ASG-dba62b23 (i-07aeddb27dba62b23)
   AZ: us-east-1a | Type: t2.micro
   ⚠️ Could not fetch CPU metrics

✅ All instances healthy. No alerts.

⏳ Next check in 30 seconds...

======================================================================
⏰ ASG CHECK: 2025-12-03 10:46:32
======================================================================

📦 ASG: ML-Auto-scaling-Group
   Capacity: 1/2 (min:2, max:4)

──────────────────────────────────────────────────
🖥️  ASG-dba62b23 (i-07aeddb27dba62b23)
   AZ: us-east-1a | Type: t2.micro
   📊 CPU: 3.60% | Disk: N/A

🔧 FEATURE ENGINEERING
============================================================
   ✅ Created 38 features
   🔮 Predicted (1h): CPU: 67.2%

==================================================
📊 ASG AGGREGATE METRICS
==================================================
   Average CPU: 3.60%
   Max CPU: 3.60%
   Instances monitored: 1

✅ All instances healthy. No alerts.

⏳ Next check in 30 seconds...

======================================================================
⏰ ASG CHECK: 2025-12-03 10:47:02
======================================================================

📦 ASG: ML-Auto-scaling-Group
   Capacity: 1/2 (min:2, max:4)

──────────────────────────────────────────────────
🖥️  ASG-dba62b23 (i-07aeddb27dba62b23)
   AZ: us-east-1a | Type: t2.micro
   📊 CPU: 3.58% | Disk: N/A

🔧 FEATURE ENGINEERING
============================================================
   ✅ Created 38 features
   🔮 Predicted (1h): CPU: 67.2%

==================================================
📊 ASG AGGREGATE METRICS
==================================================
   Average CPU: 3.58%
   Max CPU: 3.58%
   Instances monitored: 1

✅ All instances healthy. No alerts.

⏳ Next check in 30 seconds...

======================================================================
⏰ ASG CHECK: 2025-12-03 10:47:32
======================================================================

📦 ASG: ML-Auto-scaling-Group
   Capacity: 2/2 (min:2, max:4)

──────────────────────────────────────────────────
🖥️  ASG-dba62b23 (i-07aeddb27dba62b23)
   AZ: us-east-1a | Type: t2.micro
   📊 CPU: 3.58% | Disk: N/A

🔧 FEATURE ENGINEERING
============================================================
   ✅ Created 38 features
   🔮 Predicted (1h): CPU: 67.2%

==================================================
📊 ASG AGGREGATE METRICS
==================================================
   Average CPU: 3.58%
   Max CPU: 3.58%
   Instances monitored: 1

✅ All instances healthy. No alerts.

⏳ Next check in 30 seconds...

======================================================================
⏰ ASG CHECK: 2025-12-03 10:48:03
======================================================================

📦 ASG: ML-Auto-scaling-Group
   Capacity: 2/2 (min:2, max:4)

──────────────────────────────────────────────────
🖥️  ASG-dba62b23 (i-07aeddb27dba62b23)
   AZ: us-east-1a | Type: t2.micro
   📊 CPU: 3.58% | Disk: N/A

🔧 FEATURE ENGINEERING
============================================================
   ✅ Created 38 features
   🔮 Predicted (1h): CPU: 67.2%

==================================================
📊 ASG AGGREGATE METRICS
==================================================
   Average CPU: 3.58%
   Max CPU: 3.58%
   Instances monitored: 1

✅ All instances healthy. No alerts.

⏳ Next check in 30 seconds...

======================================================================
⏰ ASG CHECK: 2025-12-03 10:48:33
======================================================================

🔍 Discovering instances in ASG: ML-Auto-scaling-Group
   ✅ Found 2 running instances:
      • ASG-dba62b23 (i-07aeddb27dba62b23) - us-east-1a
      • ASG-8768d9dd (i-0c21880718768d9dd) - us-east-1b

📈 SCALE OUT: Added instances: i-0c21880718768d9dd

📦 ASG: ML-Auto-scaling-Group
   Capacity: 2/2 (min:2, max:4)

──────────────────────────────────────────────────
🖥️  ASG-dba62b23 (i-07aeddb27dba62b23)
   AZ: us-east-1a | Type: t2.micro
   📊 CPU: 3.58% | Disk: N/A

🔧 FEATURE ENGINEERING
============================================================
   ✅ Created 38 features
   🔮 Predicted (1h): CPU: 67.2%

──────────────────────────────────────────────────
🖥️  ASG-8768d9dd (i-0c21880718768d9dd)
   AZ: us-east-1b | Type: t2.micro
   ⚠️ Could not fetch CPU metrics

==================================================
📊 ASG AGGREGATE METRICS
==================================================
   Average CPU: 3.58%
   Max CPU: 3.58%
   Instances monitored: 1

✅ All instances healthy. No alerts.

⏳ Next check in 30 seconds...

======================================================================
⏰ ASG CHECK: 2025-12-03 10:49:03
======================================================================

📦 ASG: ML-Auto-scaling-Group
   Capacity: 2/2 (min:2, max:4)

──────────────────────────────────────────────────
🖥️  ASG-dba62b23 (i-07aeddb27dba62b23)
   AZ: us-east-1a | Type: t2.micro
   📊 CPU: 3.59% | Disk: N/A

🔧 FEATURE ENGINEERING
============================================================
   ✅ Created 38 features
   🔮 Predicted (1h): CPU: 67.2%

──────────────────────────────────────────────────
🖥️  ASG-8768d9dd (i-0c21880718768d9dd)
   AZ: us-east-1b | Type: t2.micro
   ⚠️ Could not fetch CPU metrics

==================================================
📊 ASG AGGREGATE METRICS
==================================================
   Average CPU: 3.59%
   Max CPU: 3.59%
   Instances monitored: 1

✅ All instances healthy. No alerts.

⏳ Next check in 30 seconds...

======================================================================
⏰ ASG CHECK: 2025-12-03 10:49:34
======================================================================

📦 ASG: ML-Auto-scaling-Group
   Capacity: 2/2 (min:2, max:4)

──────────────────────────────────────────────────
🖥️  ASG-dba62b23 (i-07aeddb27dba62b23)
   AZ: us-east-1a | Type: t2.micro
   📊 CPU: 3.61% | Disk: N/A

🔧 FEATURE ENGINEERING
============================================================
   ✅ Created 38 features
   🔮 Predicted (1h): CPU: 67.2%

──────────────────────────────────────────────────
🖥️  ASG-8768d9dd (i-0c21880718768d9dd)
   AZ: us-east-1b | Type: t2.micro
   ⚠️ Could not fetch CPU metrics

==================================================
📊 ASG AGGREGATE METRICS
==================================================
   Average CPU: 3.61%
   Max CPU: 3.61%
   Instances monitored: 1

✅ All instances healthy. No alerts.

⏳ Next check in 30 seconds...

======================================================================
⏰ ASG CHECK: 2025-12-03 10:50:04
======================================================================

📦 ASG: ML-Auto-scaling-Group
   Capacity: 2/2 (min:2, max:4)

──────────────────────────────────────────────────
🖥️  ASG-dba62b23 (i-07aeddb27dba62b23)
   AZ: us-east-1a | Type: t2.micro
   📊 CPU: 3.61% | Disk: N/A

🔧 FEATURE ENGINEERING
============================================================
   ✅ Created 38 features
   🔮 Predicted (1h): CPU: 67.2%

──────────────────────────────────────────────────
🖥️  ASG-8768d9dd (i-0c21880718768d9dd)
   AZ: us-east-1b | Type: t2.micro
   ⚠️ Could not fetch CPU metrics

==================================================
📊 ASG AGGREGATE METRICS
==================================================
   Average CPU: 3.61%
   Max CPU: 3.61%
   Instances monitored: 1

✅ All instances healthy. No alerts.

⏳ Next check in 30 seconds...

======================================================================
⏰ ASG CHECK: 2025-12-03 10:50:34
======================================================================

📦 ASG: ML-Auto-scaling-Group
   Capacity: 2/2 (min:2, max:4)

──────────────────────────────────────────────────
🖥️  ASG-dba62b23 (i-07aeddb27dba62b23)
   AZ: us-east-1a | Type: t2.micro
   📊 CPU: 3.61% | Disk: N/A

🔧 FEATURE ENGINEERING
============================================================
   ✅ Created 38 features
   🔮 Predicted (1h): CPU: 67.2%

──────────────────────────────────────────────────
🖥️  ASG-8768d9dd (i-0c21880718768d9dd)
   AZ: us-east-1b | Type: t2.micro
   ⚠️ Could not fetch CPU metrics

==================================================
📊 ASG AGGREGATE METRICS
==================================================
   Average CPU: 3.61%
   Max CPU: 3.61%
   Instances monitored: 1

✅ All instances healthy. No alerts.

⏳ Next check in 30 seconds...

======================================================================
⏰ ASG CHECK: 2025-12-03 10:51:05
======================================================================

📦 ASG: ML-Auto-scaling-Group
   Capacity: 2/2 (min:2, max:4)

──────────────────────────────────────────────────
🖥️  ASG-dba62b23 (i-07aeddb27dba62b23)
   AZ: us-east-1a | Type: t2.micro
   ⚠️ Could not fetch CPU metrics

──────────────────────────────────────────────────
🖥️  ASG-8768d9dd (i-0c21880718768d9dd)
   AZ: us-east-1b | Type: t2.micro
   ⚠️ Could not fetch CPU metrics

✅ All instances healthy. No alerts.

⏳ Next check in 30 seconds...

======================================================================
⏰ ASG CHECK: 2025-12-03 10:51:35
======================================================================

📦 ASG: ML-Auto-scaling-Group
   Capacity: 2/2 (min:2, max:4)

──────────────────────────────────────────────────
🖥️  ASG-dba62b23 (i-07aeddb27dba62b23)
   AZ: us-east-1a | Type: t2.micro
   📊 CPU: 3.68% | Disk: N/A

🔧 FEATURE ENGINEERING
============================================================
   ✅ Created 38 features
   🔮 Predicted (1h): CPU: 67.2%

──────────────────────────────────────────────────
🖥️  ASG-8768d9dd (i-0c21880718768d9dd)
   AZ: us-east-1b | Type: t2.micro
   ⚠️ Could not fetch CPU metrics

==================================================
📊 ASG AGGREGATE METRICS
==================================================
   Average CPU: 3.68%
   Max CPU: 3.68%
   Instances monitored: 1

✅ All instances healthy. No alerts.

⏳ Next check in 30 seconds...

======================================================================
⏰ ASG CHECK: 2025-12-03 10:52:05
======================================================================

📦 ASG: ML-Auto-scaling-Group
   Capacity: 2/2 (min:2, max:4)

──────────────────────────────────────────────────
🖥️  ASG-dba62b23 (i-07aeddb27dba62b23)
   AZ: us-east-1a | Type: t2.micro
   📊 CPU: 3.71% | Disk: N/A

🔧 FEATURE ENGINEERING
============================================================
   ✅ Created 38 features
   🔮 Predicted (1h): CPU: 67.2%

──────────────────────────────────────────────────
🖥️  ASG-8768d9dd (i-0c21880718768d9dd)
   AZ: us-east-1b | Type: t2.micro
   ⚠️ Could not fetch CPU metrics

==================================================
📊 ASG AGGREGATE METRICS
==================================================
   Average CPU: 3.71%
   Max CPU: 3.71%
   Instances monitored: 1

✅ All instances healthy. No alerts.

⏳ Next check in 30 seconds...

======================================================================
⏰ ASG CHECK: 2025-12-03 10:52:36
======================================================================

📦 ASG: ML-Auto-scaling-Group
   Capacity: 2/2 (min:2, max:4)

──────────────────────────────────────────────────
🖥️  ASG-dba62b23 (i-07aeddb27dba62b23)
   AZ: us-east-1a | Type: t2.micro
   📊 CPU: 3.71% | Disk: N/A

🔧 FEATURE ENGINEERING
============================================================
   ✅ Created 38 features
   🔮 Predicted (1h): CPU: 67.2%

──────────────────────────────────────────────────
🖥️  ASG-8768d9dd (i-0c21880718768d9dd)
   AZ: us-east-1b | Type: t2.micro
   📊 CPU: 19.24% | Disk: N/A

🔧 FEATURE ENGINEERING
============================================================
   ✅ Created 38 features
   🔮 Predicted (1h): CPU: 59.3%

==================================================
📊 ASG AGGREGATE METRICS
==================================================
   Average CPU: 11.47%
   Max CPU: 19.24%
   Instances monitored: 2

✅ All instances healthy. No alerts.

⏳ Next check in 30 seconds...

======================================================================
⏰ ASG CHECK: 2025-12-03 10:53:06
======================================================================

📦 ASG: ML-Auto-scaling-Group
   Capacity: 2/2 (min:2, max:4)

──────────────────────────────────────────────────
🖥️  ASG-dba62b23 (i-07aeddb27dba62b23)
   AZ: us-east-1a | Type: t2.micro
   📊 CPU: 3.68% | Disk: N/A

🔧 FEATURE ENGINEERING
============================================================
   ✅ Created 38 features
   🔮 Predicted (1h): CPU: 67.2%

──────────────────────────────────────────────────
🖥️  ASG-8768d9dd (i-0c21880718768d9dd)
   AZ: us-east-1b | Type: t2.micro
   ⚠️ Could not fetch CPU metrics

==================================================
📊 ASG AGGREGATE METRICS
==================================================
   Average CPU: 3.68%
   Max CPU: 3.68%
   Instances monitored: 1

✅ All instances healthy. No alerts.

⏳ Next check in 30 seconds...

======================================================================
⏰ ASG CHECK: 2025-12-03 10:53:36
======================================================================

🔍 Discovering instances in ASG: ML-Auto-scaling-Group
   ✅ Found 2 running instances:
      • ASG-dba62b23 (i-07aeddb27dba62b23) - us-east-1a
      • ASG-8768d9dd (i-0c21880718768d9dd) - us-east-1b

📦 ASG: ML-Auto-scaling-Group
   Capacity: 2/2 (min:2, max:4)

──────────────────────────────────────────────────
🖥️  ASG-dba62b23 (i-07aeddb27dba62b23)
   AZ: us-east-1a | Type: t2.micro
   📊 CPU: 3.69% | Disk: N/A

🔧 FEATURE ENGINEERING
============================================================
   ✅ Created 38 features
   🔮 Predicted (1h): CPU: 67.2%

──────────────────────────────────────────────────
🖥️  ASG-8768d9dd (i-0c21880718768d9dd)
   AZ: us-east-1b | Type: t2.micro
   ⚠️ Could not fetch CPU metrics

==================================================
📊 ASG AGGREGATE METRICS
==================================================
   Average CPU: 3.69%
   Max CPU: 3.69%
   Instances monitored: 1

✅ All instances healthy. No alerts.

⏳ Next check in 30 seconds...

======================================================================
⏰ ASG CHECK: 2025-12-03 10:54:07
======================================================================

📦 ASG: ML-Auto-scaling-Group
   Capacity: 2/2 (min:2, max:4)

──────────────────────────────────────────────────
🖥️  ASG-dba62b23 (i-07aeddb27dba62b23)
   AZ: us-east-1a | Type: t2.micro
   📊 CPU: 3.69% | Disk: N/A

🔧 FEATURE ENGINEERING
============================================================
   ✅ Created 38 features
   🔮 Predicted (1h): CPU: 67.2%

──────────────────────────────────────────────────
🖥️  ASG-8768d9dd (i-0c21880718768d9dd)
   AZ: us-east-1b | Type: t2.micro
   ⚠️ Could not fetch CPU metrics

==================================================
📊 ASG AGGREGATE METRICS
==================================================
   Average CPU: 3.69%
   Max CPU: 3.69%
   Instances monitored: 1

✅ All instances healthy. No alerts.

⏳ Next check in 30 seconds...

======================================================================
⏰ ASG CHECK: 2025-12-03 10:54:37
======================================================================

📦 ASG: ML-Auto-scaling-Group
   Capacity: 2/2 (min:2, max:4)

──────────────────────────────────────────────────
🖥️  ASG-dba62b23 (i-07aeddb27dba62b23)
   AZ: us-east-1a | Type: t2.micro
   📊 CPU: 3.67% | Disk: N/A

🔧 FEATURE ENGINEERING
============================================================
   ✅ Created 38 features
   🔮 Predicted (1h): CPU: 67.2%

──────────────────────────────────────────────────
🖥️  ASG-8768d9dd (i-0c21880718768d9dd)
   AZ: us-east-1b | Type: t2.micro
   ⚠️ Could not fetch CPU metrics

==================================================
📊 ASG AGGREGATE METRICS
==================================================
   Average CPU: 3.67%
   Max CPU: 3.67%
   Instances monitored: 1

✅ All instances healthy. No alerts.

⏳ Next check in 30 seconds...

======================================================================
⏰ ASG CHECK: 2025-12-03 10:55:08
======================================================================

📦 ASG: ML-Auto-scaling-Group
   Capacity: 2/2 (min:2, max:4)

──────────────────────────────────────────────────
🖥️  ASG-dba62b23 (i-07aeddb27dba62b23)
   AZ: us-east-1a | Type: t2.micro
   📊 CPU: 3.67% | Disk: N/A

🔧 FEATURE ENGINEERING
============================================================
   ✅ Created 38 features
   🔮 Predicted (1h): CPU: 67.2%

──────────────────────────────────────────────────
🖥️  ASG-8768d9dd (i-0c21880718768d9dd)
   AZ: us-east-1b | Type: t2.micro
   ⚠️ Could not fetch CPU metrics

==================================================
📊 ASG AGGREGATE METRICS
==================================================
   Average CPU: 3.67%
   Max CPU: 3.67%
   Instances monitored: 1

✅ All instances healthy. No alerts.

⏳ Next check in 30 seconds...

======================================================================
⏰ ASG CHECK: 2025-12-03 10:55:38
======================================================================

📦 ASG: ML-Auto-scaling-Group
   Capacity: 2/2 (min:2, max:4)

──────────────────────────────────────────────────
🖥️  ASG-dba62b23 (i-07aeddb27dba62b23)
   AZ: us-east-1a | Type: t2.micro
   📊 CPU: 3.67% | Disk: N/A

🔧 FEATURE ENGINEERING
============================================================
   ✅ Created 38 features
   🔮 Predicted (1h): CPU: 67.2%

──────────────────────────────────────────────────
🖥️  ASG-8768d9dd (i-0c21880718768d9dd)
   AZ: us-east-1b | Type: t2.micro
   ⚠️ Could not fetch CPU metrics

==================================================
📊 ASG AGGREGATE METRICS
==================================================
   Average CPU: 3.67%
   Max CPU: 3.67%
   Instances monitored: 1

✅ All instances healthy. No alerts.

⏳ Next check in 30 seconds...

======================================================================
⏰ ASG CHECK: 2025-12-03 10:56:08
======================================================================

📦 ASG: ML-Auto-scaling-Group
   Capacity: 2/2 (min:2, max:4)

──────────────────────────────────────────────────
🖥️  ASG-dba62b23 (i-07aeddb27dba62b23)
   AZ: us-east-1a | Type: t2.micro
   📊 CPU: 3.70% | Disk: N/A

🔧 FEATURE ENGINEERING
============================================================
   ✅ Created 38 features
   🔮 Predicted (1h): CPU: 67.2%

──────────────────────────────────────────────────
🖥️  ASG-8768d9dd (i-0c21880718768d9dd)
   AZ: us-east-1b | Type: t2.micro
   ⚠️ Could not fetch CPU metrics

==================================================
📊 ASG AGGREGATE METRICS
==================================================
   Average CPU: 3.70%
   Max CPU: 3.70%
   Instances monitored: 1

✅ All instances healthy. No alerts.

⏳ Next check in 30 seconds...

======================================================================
⏰ ASG CHECK: 2025-12-03 10:56:39
======================================================================

📦 ASG: ML-Auto-scaling-Group
   Capacity: 2/2 (min:2, max:4)

──────────────────────────────────────────────────
🖥️  ASG-dba62b23 (i-07aeddb27dba62b23)
   AZ: us-east-1a | Type: t2.micro
   📊 CPU: 3.70% | Disk: N/A

🔧 FEATURE ENGINEERING
============================================================
   ✅ Created 38 features
   🔮 Predicted (1h): CPU: 67.2%

──────────────────────────────────────────────────
🖥️  ASG-8768d9dd (i-0c21880718768d9dd)
   AZ: us-east-1b | Type: t2.micro
   ⚠️ Could not fetch CPU metrics

==================================================
📊 ASG AGGREGATE METRICS
==================================================
   Average CPU: 3.70%
   Max CPU: 3.70%
   Instances monitored: 1

✅ All instances healthy. No alerts.

⏳ Next check in 30 seconds...

======================================================================
⏰ ASG CHECK: 2025-12-03 10:57:09
======================================================================

📦 ASG: ML-Auto-scaling-Group
   Capacity: 2/2 (min:2, max:4)

──────────────────────────────────────────────────
🖥️  ASG-dba62b23 (i-07aeddb27dba62b23)
   AZ: us-east-1a | Type: t2.micro
   📊 CPU: 3.71% | Disk: N/A

🔧 FEATURE ENGINEERING
============================================================
   ✅ Created 38 features
   🔮 Predicted (1h): CPU: 67.2%

──────────────────────────────────────────────────
🖥️  ASG-8768d9dd (i-0c21880718768d9dd)
   AZ: us-east-1b | Type: t2.micro
   ⚠️ Could not fetch CPU metrics

==================================================
📊 ASG AGGREGATE METRICS
==================================================
   Average CPU: 3.71%
   Max CPU: 3.71%
   Instances monitored: 1

✅ All instances healthy. No alerts.

⏳ Next check in 30 seconds...

======================================================================
⏰ ASG CHECK: 2025-12-03 10:57:39
======================================================================

📦 ASG: ML-Auto-scaling-Group
   Capacity: 2/2 (min:2, max:4)

──────────────────────────────────────────────────
🖥️  ASG-dba62b23 (i-07aeddb27dba62b23)
   AZ: us-east-1a | Type: t2.micro
   📊 CPU: 3.71% | Disk: N/A

🔧 FEATURE ENGINEERING
============================================================
   ✅ Created 38 features
   🔮 Predicted (1h): CPU: 67.2%

──────────────────────────────────────────────────
🖥️  ASG-8768d9dd (i-0c21880718768d9dd)
   AZ: us-east-1b | Type: t2.micro
   📊 CPU: 0.20% | Disk: N/A

🔧 FEATURE ENGINEERING
============================================================
   ✅ Created 38 features
   🔮 Predicted (1h): CPU: 67.2%

==================================================
📊 ASG AGGREGATE METRICS
==================================================
   Average CPU: 1.95%
   Max CPU: 3.71%
   Instances monitored: 2

✅ All instances healthy. No alerts.

⏳ Next check in 30 seconds...

======================================================================
⏰ ASG CHECK: 2025-12-03 10:58:10
======================================================================

📦 ASG: ML-Auto-scaling-Group
   Capacity: 2/2 (min:2, max:4)

──────────────────────────────────────────────────
🖥️  ASG-dba62b23 (i-07aeddb27dba62b23)
   AZ: us-east-1a | Type: t2.micro
   📊 CPU: 3.68% | Disk: N/A

🔧 FEATURE ENGINEERING
============================================================
   ✅ Created 38 features
   🔮 Predicted (1h): CPU: 67.2%

──────────────────────────────────────────────────
🖥️  ASG-8768d9dd (i-0c21880718768d9dd)
   AZ: us-east-1b | Type: t2.micro
   ⚠️ Could not fetch CPU metrics

==================================================
📊 ASG AGGREGATE METRICS
==================================================
   Average CPU: 3.68%
   Max CPU: 3.68%
   Instances monitored: 1

✅ All instances healthy. No alerts.

⏳ Next check in 30 seconds...

======================================================================
⏰ ASG CHECK: 2025-12-03 10:58:40
======================================================================

🔍 Discovering instances in ASG: ML-Auto-scaling-Group
   ✅ Found 2 running instances:
      • ASG-dba62b23 (i-07aeddb27dba62b23) - us-east-1a
      • ASG-8768d9dd (i-0c21880718768d9dd) - us-east-1b

📦 ASG: ML-Auto-scaling-Group
   Capacity: 2/2 (min:2, max:4)

──────────────────────────────────────────────────
🖥️  ASG-dba62b23 (i-07aeddb27dba62b23)
   AZ: us-east-1a | Type: t2.micro
   📊 CPU: 3.69% | Disk: N/A

🔧 FEATURE ENGINEERING
============================================================
   ✅ Created 38 features
   🔮 Predicted (1h): CPU: 67.2%

──────────────────────────────────────────────────
🖥️  ASG-8768d9dd (i-0c21880718768d9dd)
   AZ: us-east-1b | Type: t2.micro
   ⚠️ Could not fetch CPU metrics

==================================================
📊 ASG AGGREGATE METRICS
==================================================
   Average CPU: 3.69%
   Max CPU: 3.69%
   Instances monitored: 1

✅ All instances healthy. No alerts.

⏳ Next check in 30 seconds...

======================================================================
⏰ ASG CHECK: 2025-12-03 10:59:11
======================================================================

📦 ASG: ML-Auto-scaling-Group
   Capacity: 2/2 (min:2, max:4)

──────────────────────────────────────────────────
🖥️  ASG-dba62b23 (i-07aeddb27dba62b23)
   AZ: us-east-1a | Type: t2.micro
   📊 CPU: 3.69% | Disk: N/A

🔧 FEATURE ENGINEERING
============================================================
   ✅ Created 38 features
   🔮 Predicted (1h): CPU: 67.2%

──────────────────────────────────────────────────
🖥️  ASG-8768d9dd (i-0c21880718768d9dd)
   AZ: us-east-1b | Type: t2.micro
   ⚠️ Could not fetch CPU metrics

==================================================
📊 ASG AGGREGATE METRICS
==================================================
   Average CPU: 3.69%
   Max CPU: 3.69%
   Instances monitored: 1

✅ All instances healthy. No alerts.

⏳ Next check in 30 seconds...

======================================================================
⏰ ASG CHECK: 2025-12-03 10:59:41
======================================================================

📦 ASG: ML-Auto-scaling-Group
   Capacity: 2/2 (min:2, max:4)

──────────────────────────────────────────────────
🖥️  ASG-dba62b23 (i-07aeddb27dba62b23)
   AZ: us-east-1a | Type: t2.micro
   📊 CPU: 3.70% | Disk: N/A

🔧 FEATURE ENGINEERING
============================================================
   ✅ Created 38 features
   🔮 Predicted (1h): CPU: 67.2%

──────────────────────────────────────────────────
🖥️  ASG-8768d9dd (i-0c21880718768d9dd)
   AZ: us-east-1b | Type: t2.micro
   ⚠️ Could not fetch CPU metrics

==================================================
📊 ASG AGGREGATE METRICS
==================================================
   Average CPU: 3.70%
   Max CPU: 3.70%
   Instances monitored: 1

✅ All instances healthy. No alerts.

⏳ Next check in 30 seconds...

======================================================================
⏰ ASG CHECK: 2025-12-03 11:00:11
======================================================================

📦 ASG: ML-Auto-scaling-Group
   Capacity: 2/2 (min:2, max:4)

──────────────────────────────────────────────────
🖥️  ASG-dba62b23 (i-07aeddb27dba62b23)
   AZ: us-east-1a | Type: t2.micro
   📊 CPU: 3.70% | Disk: N/A

🔧 FEATURE ENGINEERING
============================================================
   ✅ Created 38 features
   🔮 Predicted (1h): CPU: 67.2%

──────────────────────────────────────────────────
🖥️  ASG-8768d9dd (i-0c21880718768d9dd)
   AZ: us-east-1b | Type: t2.micro
   ⚠️ Could not fetch CPU metrics

==================================================
📊 ASG AGGREGATE METRICS
==================================================
   Average CPU: 3.70%
   Max CPU: 3.70%
   Instances monitored: 1

✅ All instances healthy. No alerts.

⏳ Next check in 30 seconds...

======================================================================
⏰ ASG CHECK: 2025-12-03 11:00:41
======================================================================

📦 ASG: ML-Auto-scaling-Group
   Capacity: 2/2 (min:2, max:4)

──────────────────────────────────────────────────
🖥️  ASG-dba62b23 (i-07aeddb27dba62b23)
   AZ: us-east-1a | Type: t2.micro
   📊 CPU: 3.70% | Disk: N/A

🔧 FEATURE ENGINEERING
============================================================
   ✅ Created 38 features
   🔮 Predicted (1h): CPU: 67.2%

──────────────────────────────────────────────────
🖥️  ASG-8768d9dd (i-0c21880718768d9dd)
   AZ: us-east-1b | Type: t2.micro
   ⚠️ Could not fetch CPU metrics

==================================================
📊 ASG AGGREGATE METRICS
==================================================
   Average CPU: 3.70%
   Max CPU: 3.70%
   Instances monitored: 1

✅ All instances healthy. No alerts.

⏳ Next check in 30 seconds...

======================================================================
⏰ ASG CHECK: 2025-12-03 11:01:12
======================================================================

📦 ASG: ML-Auto-scaling-Group
   Capacity: 2/2 (min:2, max:4)

──────────────────────────────────────────────────
🖥️  ASG-dba62b23 (i-07aeddb27dba62b23)
   AZ: us-east-1a | Type: t2.micro
   📊 CPU: 3.70% | Disk: N/A

🔧 FEATURE ENGINEERING
============================================================
   ✅ Created 38 features
   🔮 Predicted (1h): CPU: 67.2%

──────────────────────────────────────────────────
🖥️  ASG-8768d9dd (i-0c21880718768d9dd)
   AZ: us-east-1b | Type: t2.micro
   ⚠️ Could not fetch CPU metrics

==================================================
📊 ASG AGGREGATE METRICS
==================================================
   Average CPU: 3.70%
   Max CPU: 3.70%
   Instances monitored: 1

✅ All instances healthy. No alerts.

⏳ Next check in 30 seconds...

======================================================================
⏰ ASG CHECK: 2025-12-03 11:01:42
======================================================================

📦 ASG: ML-Auto-scaling-Group
   Capacity: 2/2 (min:2, max:4)

──────────────────────────────────────────────────
🖥️  ASG-dba62b23 (i-07aeddb27dba62b23)
   AZ: us-east-1a | Type: t2.micro
   📊 CPU: 3.70% | Disk: N/A

🔧 FEATURE ENGINEERING
============================================================
   ✅ Created 38 features
   🔮 Predicted (1h): CPU: 67.2%

──────────────────────────────────────────────────
🖥️  ASG-8768d9dd (i-0c21880718768d9dd)
   AZ: us-east-1b | Type: t2.micro
   ⚠️ Could not fetch CPU metrics

==================================================
📊 ASG AGGREGATE METRICS
==================================================
   Average CPU: 3.70%
   Max CPU: 3.70%
   Instances monitored: 1

✅ All instances healthy. No alerts.

⏳ Next check in 30 seconds...

======================================================================
⏰ ASG CHECK: 2025-12-03 11:02:12
======================================================================

📦 ASG: ML-Auto-scaling-Group
   Capacity: 2/2 (min:2, max:4)

──────────────────────────────────────────────────
🖥️  ASG-dba62b23 (i-07aeddb27dba62b23)
   AZ: us-east-1a | Type: t2.micro
   📊 CPU: 3.79% | Disk: N/A

🔧 FEATURE ENGINEERING
============================================================
   ✅ Created 38 features
   🔮 Predicted (1h): CPU: 67.2%

──────────────────────────────────────────────────
🖥️  ASG-8768d9dd (i-0c21880718768d9dd)
   AZ: us-east-1b | Type: t2.micro
   ⚠️ Could not fetch CPU metrics

==================================================
📊 ASG AGGREGATE METRICS
==================================================
   Average CPU: 3.79%
   Max CPU: 3.79%
   Instances monitored: 1

✅ All instances healthy. No alerts.

⏳ Next check in 30 seconds...

======================================================================
⏰ ASG CHECK: 2025-12-03 11:02:43
======================================================================

📦 ASG: ML-Auto-scaling-Group
   Capacity: 2/2 (min:2, max:4)

──────────────────────────────────────────────────
🖥️  ASG-dba62b23 (i-07aeddb27dba62b23)
   AZ: us-east-1a | Type: t2.micro
   📊 CPU: 3.79% | Disk: N/A

🔧 FEATURE ENGINEERING
============================================================
   ✅ Created 38 features
   🔮 Predicted (1h): CPU: 67.2%

──────────────────────────────────────────────────
🖥️  ASG-8768d9dd (i-0c21880718768d9dd)
   AZ: us-east-1b | Type: t2.micro
   📊 CPU: 0.13% | Disk: N/A

🔧 FEATURE ENGINEERING
============================================================
   ✅ Created 38 features
   🔮 Predicted (1h): CPU: 67.2%

==================================================
📊 ASG AGGREGATE METRICS
==================================================
   Average CPU: 1.96%
   Max CPU: 3.79%
   Instances monitored: 2

✅ All instances healthy. No alerts.

⏳ Next check in 30 seconds...

======================================================================
⏰ ASG CHECK: 2025-12-03 11:03:13
======================================================================

📦 ASG: ML-Auto-scaling-Group
   Capacity: 2/2 (min:2, max:4)

──────────────────────────────────────────────────
🖥️  ASG-dba62b23 (i-07aeddb27dba62b23)
   AZ: us-east-1a | Type: t2.micro
   📊 CPU: 3.73% | Disk: N/A

🔧 FEATURE ENGINEERING
============================================================
   ✅ Created 38 features
   🔮 Predicted (1h): CPU: 67.2%

──────────────────────────────────────────────────
🖥️  ASG-8768d9dd (i-0c21880718768d9dd)
   AZ: us-east-1b | Type: t2.micro
   ⚠️ Could not fetch CPU metrics

==================================================
📊 ASG AGGREGATE METRICS
==================================================
   Average CPU: 3.73%
   Max CPU: 3.73%
   Instances monitored: 1

✅ All instances healthy. No alerts.

⏳ Next check in 30 seconds...

======================================================================
⏰ ASG CHECK: 2025-12-03 11:03:43
======================================================================

🔍 Discovering instances in ASG: ML-Auto-scaling-Group
   ✅ Found 2 running instances:
      • ASG-dba62b23 (i-07aeddb27dba62b23) - us-east-1a
      • ASG-8768d9dd (i-0c21880718768d9dd) - us-east-1b

📦 ASG: ML-Auto-scaling-Group
   Capacity: 2/2 (min:2, max:4)

──────────────────────────────────────────────────
🖥️  ASG-dba62b23 (i-07aeddb27dba62b23)
   AZ: us-east-1a | Type: t2.micro
   📊 CPU: 3.72% | Disk: N/A

🔧 FEATURE ENGINEERING
============================================================
   ✅ Created 38 features
   🔮 Predicted (1h): CPU: 67.2%

──────────────────────────────────────────────────
🖥️  ASG-8768d9dd (i-0c21880718768d9dd)
   AZ: us-east-1b | Type: t2.micro
   ⚠️ Could not fetch CPU metrics

==================================================
📊 ASG AGGREGATE METRICS
==================================================
   Average CPU: 3.72%
   Max CPU: 3.72%
   Instances monitored: 1

✅ All instances healthy. No alerts.

⏳ Next check in 30 seconds...

======================================================================
⏰ ASG CHECK: 2025-12-03 11:04:14
======================================================================

📦 ASG: ML-Auto-scaling-Group
   Capacity: 2/2 (min:2, max:4)

──────────────────────────────────────────────────
🖥️  ASG-dba62b23 (i-07aeddb27dba62b23)
   AZ: us-east-1a | Type: t2.micro
   📊 CPU: 3.72% | Disk: N/A

🔧 FEATURE ENGINEERING
============================================================
   ✅ Created 38 features
   🔮 Predicted (1h): CPU: 67.2%

──────────────────────────────────────────────────
🖥️  ASG-8768d9dd (i-0c21880718768d9dd)
   AZ: us-east-1b | Type: t2.micro
   ⚠️ Could not fetch CPU metrics

==================================================
📊 ASG AGGREGATE METRICS
==================================================
   Average CPU: 3.72%
   Max CPU: 3.72%
   Instances monitored: 1

✅ All instances healthy. No alerts.

⏳ Next check in 30 seconds...

======================================================================
⏰ ASG CHECK: 2025-12-03 11:04:44
======================================================================

📦 ASG: ML-Auto-scaling-Group
   Capacity: 2/2 (min:2, max:4)

──────────────────────────────────────────────────
🖥️  ASG-dba62b23 (i-07aeddb27dba62b23)
   AZ: us-east-1a | Type: t2.micro
   📊 CPU: 3.70% | Disk: N/A

🔧 FEATURE ENGINEERING
============================================================
   ✅ Created 38 features
   🔮 Predicted (1h): CPU: 67.2%

──────────────────────────────────────────────────
🖥️  ASG-8768d9dd (i-0c21880718768d9dd)
   AZ: us-east-1b | Type: t2.micro
   ⚠️ Could not fetch CPU metrics

==================================================
📊 ASG AGGREGATE METRICS
==================================================
   Average CPU: 3.70%
   Max CPU: 3.70%
   Instances monitored: 1

✅ All instances healthy. No alerts.

⏳ Next check in 30 seconds...

======================================================================
⏰ ASG CHECK: 2025-12-03 11:05:15
======================================================================

📦 ASG: ML-Auto-scaling-Group
   Capacity: 2/2 (min:2, max:4)

──────────────────────────────────────────────────
🖥️  ASG-dba62b23 (i-07aeddb27dba62b23)
   AZ: us-east-1a | Type: t2.micro
   📊 CPU: 3.70% | Disk: N/A

🔧 FEATURE ENGINEERING
============================================================
   ✅ Created 38 features
   🔮 Predicted (1h): CPU: 67.2%

──────────────────────────────────────────────────
🖥️  ASG-8768d9dd (i-0c21880718768d9dd)
   AZ: us-east-1b | Type: t2.micro
   ⚠️ Could not fetch CPU metrics

==================================================
📊 ASG AGGREGATE METRICS
==================================================
   Average CPU: 3.70%
   Max CPU: 3.70%
   Instances monitored: 1

✅ All instances healthy. No alerts.

⏳ Next check in 30 seconds...

======================================================================
⏰ ASG CHECK: 2025-12-03 11:05:45
======================================================================

📦 ASG: ML-Auto-scaling-Group
   Capacity: 2/2 (min:2, max:4)

──────────────────────────────────────────────────
🖥️  ASG-dba62b23 (i-07aeddb27dba62b23)
   AZ: us-east-1a | Type: t2.micro
   📊 CPU: 3.70% | Disk: N/A

🔧 FEATURE ENGINEERING
============================================================
   ✅ Created 38 features
   🔮 Predicted (1h): CPU: 67.2%

──────────────────────────────────────────────────
🖥️  ASG-8768d9dd (i-0c21880718768d9dd)
   AZ: us-east-1b | Type: t2.micro
   ⚠️ Could not fetch CPU metrics

==================================================
📊 ASG AGGREGATE METRICS
==================================================
   Average CPU: 3.70%
   Max CPU: 3.70%
   Instances monitored: 1

✅ All instances healthy. No alerts.

⏳ Next check in 30 seconds...

======================================================================
⏰ ASG CHECK: 2025-12-03 11:06:15
======================================================================

📦 ASG: ML-Auto-scaling-Group
   Capacity: 2/2 (min:2, max:4)

──────────────────────────────────────────────────
🖥️  ASG-dba62b23 (i-07aeddb27dba62b23)
   AZ: us-east-1a | Type: t2.micro
   📊 CPU: 3.68% | Disk: N/A

🔧 FEATURE ENGINEERING
============================================================
   ✅ Created 38 features
   🔮 Predicted (1h): CPU: 67.2%

──────────────────────────────────────────────────
🖥️  ASG-8768d9dd (i-0c21880718768d9dd)
   AZ: us-east-1b | Type: t2.micro
   ⚠️ Could not fetch CPU metrics

==================================================
📊 ASG AGGREGATE METRICS
==================================================
   Average CPU: 3.68%
   Max CPU: 3.68%
   Instances monitored: 1

✅ All instances healthy. No alerts.

⏳ Next check in 30 seconds...

======================================================================
⏰ ASG CHECK: 2025-12-03 11:06:46
======================================================================

📦 ASG: ML-Auto-scaling-Group
   Capacity: 2/2 (min:2, max:4)

──────────────────────────────────────────────────
🖥️  ASG-dba62b23 (i-07aeddb27dba62b23)
   AZ: us-east-1a | Type: t2.micro
   📊 CPU: 3.68% | Disk: N/A

🔧 FEATURE ENGINEERING
============================================================
   ✅ Created 38 features
   🔮 Predicted (1h): CPU: 67.2%

──────────────────────────────────────────────────
🖥️  ASG-8768d9dd (i-0c21880718768d9dd)
   AZ: us-east-1b | Type: t2.micro
   ⚠️ Could not fetch CPU metrics

==================================================
📊 ASG AGGREGATE METRICS
==================================================
   Average CPU: 3.68%
   Max CPU: 3.68%
   Instances monitored: 1

✅ All instances healthy. No alerts.

⏳ Next check in 30 seconds...

======================================================================
⏰ ASG CHECK: 2025-12-03 11:07:16
======================================================================

📦 ASG: ML-Auto-scaling-Group
   Capacity: 2/2 (min:2, max:4)

──────────────────────────────────────────────────
🖥️  ASG-dba62b23 (i-07aeddb27dba62b23)
   AZ: us-east-1a | Type: t2.micro
   📊 CPU: 3.70% | Disk: N/A

🔧 FEATURE ENGINEERING
============================================================
   ✅ Created 38 features
   🔮 Predicted (1h): CPU: 67.2%

──────────────────────────────────────────────────
🖥️  ASG-8768d9dd (i-0c21880718768d9dd)
   AZ: us-east-1b | Type: t2.micro
   ⚠️ Could not fetch CPU metrics

==================================================
📊 ASG AGGREGATE METRICS
==================================================
   Average CPU: 3.70%
   Max CPU: 3.70%
   Instances monitored: 1

✅ All instances healthy. No alerts.

⏳ Next check in 30 seconds...

======================================================================
⏰ ASG CHECK: 2025-12-03 11:07:46
======================================================================

📦 ASG: ML-Auto-scaling-Group
   Capacity: 2/2 (min:2, max:4)

──────────────────────────────────────────────────
🖥️  ASG-dba62b23 (i-07aeddb27dba62b23)
   AZ: us-east-1a | Type: t2.micro
   📊 CPU: 3.68% | Disk: N/A

🔧 FEATURE ENGINEERING
============================================================
   ✅ Created 38 features
   🔮 Predicted (1h): CPU: 67.2%

──────────────────────────────────────────────────
🖥️  ASG-8768d9dd (i-0c21880718768d9dd)
   AZ: us-east-1b | Type: t2.micro
   📊 CPU: 0.17% | Disk: N/A

🔧 FEATURE ENGINEERING
============================================================
   ✅ Created 38 features
   🔮 Predicted (1h): CPU: 67.2%

==================================================
📊 ASG AGGREGATE METRICS
==================================================
   Average CPU: 1.92%
   Max CPU: 3.68%
   Instances monitored: 2

✅ All instances healthy. No alerts.

⏳ Next check in 30 seconds...

======================================================================
⏰ ASG CHECK: 2025-12-03 11:08:17
======================================================================

📦 ASG: ML-Auto-scaling-Group
   Capacity: 2/2 (min:2, max:4)

──────────────────────────────────────────────────
🖥️  ASG-dba62b23 (i-07aeddb27dba62b23)
   AZ: us-east-1a | Type: t2.micro
   📊 CPU: 3.68% | Disk: N/A

🔧 FEATURE ENGINEERING
============================================================
   ✅ Created 38 features
   🔮 Predicted (1h): CPU: 67.2%

──────────────────────────────────────────────────
🖥️  ASG-8768d9dd (i-0c21880718768d9dd)
   AZ: us-east-1b | Type: t2.micro
   ⚠️ Could not fetch CPU metrics

==================================================
📊 ASG AGGREGATE METRICS
==================================================
   Average CPU: 3.68%
   Max CPU: 3.68%
   Instances monitored: 1

✅ All instances healthy. No alerts.

⏳ Next check in 30 seconds...

======================================================================
⏰ ASG CHECK: 2025-12-03 11:08:47
======================================================================

🔍 Discovering instances in ASG: ML-Auto-scaling-Group
   ✅ Found 2 running instances:
      • ASG-dba62b23 (i-07aeddb27dba62b23) - us-east-1a
      • ASG-8768d9dd (i-0c21880718768d9dd) - us-east-1b

📦 ASG: ML-Auto-scaling-Group
   Capacity: 2/2 (min:2, max:4)

──────────────────────────────────────────────────
🖥️  ASG-dba62b23 (i-07aeddb27dba62b23)
   AZ: us-east-1a | Type: t2.micro
   📊 CPU: 3.68% | Disk: N/A

🔧 FEATURE ENGINEERING
============================================================
   ✅ Created 38 features
   🔮 Predicted (1h): CPU: 67.2%

──────────────────────────────────────────────────
🖥️  ASG-8768d9dd (i-0c21880718768d9dd)
   AZ: us-east-1b | Type: t2.micro
   ⚠️ Could not fetch CPU metrics

==================================================
📊 ASG AGGREGATE METRICS
==================================================
   Average CPU: 3.68%
   Max CPU: 3.68%
   Instances monitored: 1

✅ All instances healthy. No alerts.

⏳ Next check in 30 seconds...

======================================================================
⏰ ASG CHECK: 2025-12-03 11:09:18
======================================================================

📦 ASG: ML-Auto-scaling-Group
   Capacity: 2/2 (min:2, max:4)

──────────────────────────────────────────────────
🖥️  ASG-dba62b23 (i-07aeddb27dba62b23)
   AZ: us-east-1a | Type: t2.micro
   📊 CPU: 3.68% | Disk: N/A

🔧 FEATURE ENGINEERING
============================================================
   ✅ Created 38 features
   🔮 Predicted (1h): CPU: 67.2%

──────────────────────────────────────────────────
🖥️  ASG-8768d9dd (i-0c21880718768d9dd)
   AZ: us-east-1b | Type: t2.micro
   ⚠️ Could not fetch CPU metrics

==================================================
📊 ASG AGGREGATE METRICS
==================================================
   Average CPU: 3.68%
   Max CPU: 3.68%
   Instances monitored: 1

✅ All instances healthy. No alerts.

⏳ Next check in 30 seconds...

======================================================================
⏰ ASG CHECK: 2025-12-03 11:09:48
======================================================================

📦 ASG: ML-Auto-scaling-Group
   Capacity: 2/2 (min:2, max:4)

──────────────────────────────────────────────────
🖥️  ASG-dba62b23 (i-07aeddb27dba62b23)
   AZ: us-east-1a | Type: t2.micro
   📊 CPU: 3.69% | Disk: N/A

🔧 FEATURE ENGINEERING
============================================================
   ✅ Created 38 features
   🔮 Predicted (1h): CPU: 67.2%

──────────────────────────────────────────────────
🖥️  ASG-8768d9dd (i-0c21880718768d9dd)
   AZ: us-east-1b | Type: t2.micro
   ⚠️ Could not fetch CPU metrics

==================================================
📊 ASG AGGREGATE METRICS
==================================================
   Average CPU: 3.69%
   Max CPU: 3.69%
   Instances monitored: 1

✅ All instances healthy. No alerts.

⏳ Next check in 30 seconds...

======================================================================
⏰ ASG CHECK: 2025-12-03 11:10:18
======================================================================

📦 ASG: ML-Auto-scaling-Group
   Capacity: 2/2 (min:2, max:4)

──────────────────────────────────────────────────
🖥️  ASG-dba62b23 (i-07aeddb27dba62b23)
   AZ: us-east-1a | Type: t2.micro
   📊 CPU: 3.69% | Disk: N/A

🔧 FEATURE ENGINEERING
============================================================
   ✅ Created 38 features
   🔮 Predicted (1h): CPU: 67.2%

──────────────────────────────────────────────────
🖥️  ASG-8768d9dd (i-0c21880718768d9dd)
   AZ: us-east-1b | Type: t2.micro
   ⚠️ Could not fetch CPU metrics

==================================================
📊 ASG AGGREGATE METRICS
==================================================
   Average CPU: 3.69%
   Max CPU: 3.69%
   Instances monitored: 1

✅ All instances healthy. No alerts.

⏳ Next check in 30 seconds...

======================================================================
⏰ ASG CHECK: 2025-12-03 11:10:49
======================================================================

📦 ASG: ML-Auto-scaling-Group
   Capacity: 2/2 (min:2, max:4)

──────────────────────────────────────────────────
🖥️  ASG-dba62b23 (i-07aeddb27dba62b23)
   AZ: us-east-1a | Type: t2.micro
   📊 CPU: 3.69% | Disk: N/A

🔧 FEATURE ENGINEERING
============================================================
   ✅ Created 38 features
   🔮 Predicted (1h): CPU: 67.2%

──────────────────────────────────────────────────
🖥️  ASG-8768d9dd (i-0c21880718768d9dd)
   AZ: us-east-1b | Type: t2.micro
   ⚠️ Could not fetch CPU metrics

==================================================
📊 ASG AGGREGATE METRICS
==================================================
   Average CPU: 3.69%
   Max CPU: 3.69%
   Instances monitored: 1

✅ All instances healthy. No alerts.

⏳ Next check in 30 seconds...

======================================================================
⏰ ASG CHECK: 2025-12-03 11:11:19
======================================================================

📦 ASG: ML-Auto-scaling-Group
   Capacity: 2/2 (min:2, max:4)

──────────────────────────────────────────────────
🖥️  ASG-dba62b23 (i-07aeddb27dba62b23)
   AZ: us-east-1a | Type: t2.micro
   📊 CPU: 3.71% | Disk: N/A

🔧 FEATURE ENGINEERING
============================================================
   ✅ Created 38 features
   🔮 Predicted (1h): CPU: 67.2%

──────────────────────────────────────────────────
🖥️  ASG-8768d9dd (i-0c21880718768d9dd)
   AZ: us-east-1b | Type: t2.micro
   ⚠️ Could not fetch CPU metrics

==================================================
📊 ASG AGGREGATE METRICS
==================================================
   Average CPU: 3.71%
   Max CPU: 3.71%
   Instances monitored: 1

✅ All instances healthy. No alerts.

⏳ Next check in 30 seconds...

======================================================================
⏰ ASG CHECK: 2025-12-03 11:11:49
======================================================================

📦 ASG: ML-Auto-scaling-Group
   Capacity: 2/2 (min:2, max:4)

──────────────────────────────────────────────────
🖥️  ASG-dba62b23 (i-07aeddb27dba62b23)
   AZ: us-east-1a | Type: t2.micro
   📊 CPU: 3.73% | Disk: N/A

🔧 FEATURE ENGINEERING
============================================================
   ✅ Created 38 features
   🔮 Predicted (1h): CPU: 67.2%

──────────────────────────────────────────────────
🖥️  ASG-8768d9dd (i-0c21880718768d9dd)
   AZ: us-east-1b | Type: t2.micro
   ⚠️ Could not fetch CPU metrics

==================================================
📊 ASG AGGREGATE METRICS
==================================================
   Average CPU: 3.73%
   Max CPU: 3.73%
   Instances monitored: 1

✅ All instances healthy. No alerts.

⏳ Next check in 30 seconds...

======================================================================
⏰ ASG CHECK: 2025-12-03 11:12:20
======================================================================

📦 ASG: ML-Auto-scaling-Group
   Capacity: 2/2 (min:2, max:4)

──────────────────────────────────────────────────
🖥️  ASG-dba62b23 (i-07aeddb27dba62b23)
   AZ: us-east-1a | Type: t2.micro
   📊 CPU: 3.73% | Disk: N/A

🔧 FEATURE ENGINEERING
============================================================
   ✅ Created 38 features
   🔮 Predicted (1h): CPU: 67.2%

──────────────────────────────────────────────────
🖥️  ASG-8768d9dd (i-0c21880718768d9dd)
   AZ: us-east-1b | Type: t2.micro
   ⚠️ Could not fetch CPU metrics

==================================================
📊 ASG AGGREGATE METRICS
==================================================
   Average CPU: 3.73%
   Max CPU: 3.73%
   Instances monitored: 1

✅ All instances healthy. No alerts.

⏳ Next check in 30 seconds...

======================================================================
⏰ ASG CHECK: 2025-12-03 11:12:50
======================================================================

📦 ASG: ML-Auto-scaling-Group
   Capacity: 2/2 (min:2, max:4)

──────────────────────────────────────────────────
🖥️  ASG-dba62b23 (i-07aeddb27dba62b23)
   AZ: us-east-1a | Type: t2.micro
   📊 CPU: 3.71% | Disk: N/A

🔧 FEATURE ENGINEERING
============================================================
   ✅ Created 38 features
   🔮 Predicted (1h): CPU: 67.2%

──────────────────────────────────────────────────
🖥️  ASG-8768d9dd (i-0c21880718768d9dd)
   AZ: us-east-1b | Type: t2.micro
   📊 CPU: 0.13% | Disk: N/A

🔧 FEATURE ENGINEERING
============================================================
   ✅ Created 38 features
   🔮 Predicted (1h): CPU: 67.2%

==================================================
📊 ASG AGGREGATE METRICS
==================================================
   Average CPU: 1.92%
   Max CPU: 3.71%
   Instances monitored: 2

✅ All instances healthy. No alerts.

⏳ Next check in 30 seconds...

======================================================================
⏰ ASG CHECK: 2025-12-03 11:13:20
======================================================================

📦 ASG: ML-Auto-scaling-Group
   Capacity: 2/2 (min:2, max:4)

──────────────────────────────────────────────────
🖥️  ASG-dba62b23 (i-07aeddb27dba62b23)
   AZ: us-east-1a | Type: t2.micro
   📊 CPU: 3.71% | Disk: N/A

🔧 FEATURE ENGINEERING
============================================================
   ✅ Created 38 features
   🔮 Predicted (1h): CPU: 67.2%

──────────────────────────────────────────────────
🖥️  ASG-8768d9dd (i-0c21880718768d9dd)
   AZ: us-east-1b | Type: t2.micro
   ⚠️ Could not fetch CPU metrics

==================================================
📊 ASG AGGREGATE METRICS
==================================================
   Average CPU: 3.71%
   Max CPU: 3.71%
   Instances monitored: 1

✅ All instances healthy. No alerts.

⏳ Next check in 30 seconds...

======================================================================
⏰ ASG CHECK: 2025-12-03 11:13:51
======================================================================

🔍 Discovering instances in ASG: ML-Auto-scaling-Group
   ✅ Found 2 running instances:
      • ASG-dba62b23 (i-07aeddb27dba62b23) - us-east-1a
      • ASG-8768d9dd (i-0c21880718768d9dd) - us-east-1b

📦 ASG: ML-Auto-scaling-Group
   Capacity: 2/2 (min:2, max:4)

──────────────────────────────────────────────────
🖥️  ASG-dba62b23 (i-07aeddb27dba62b23)
   AZ: us-east-1a | Type: t2.micro
   📊 CPU: 3.70% | Disk: N/A

🔧 FEATURE ENGINEERING
============================================================
   ✅ Created 38 features
   🔮 Predicted (1h): CPU: 67.2%

──────────────────────────────────────────────────
🖥️  ASG-8768d9dd (i-0c21880718768d9dd)
   AZ: us-east-1b | Type: t2.micro
   ⚠️ Could not fetch CPU metrics

==================================================
📊 ASG AGGREGATE METRICS
==================================================
   Average CPU: 3.70%
   Max CPU: 3.70%
   Instances monitored: 1

✅ All instances healthy. No alerts.

⏳ Next check in 30 seconds...

======================================================================
⏰ ASG CHECK: 2025-12-03 11:14:21
======================================================================

📦 ASG: ML-Auto-scaling-Group
   Capacity: 2/2 (min:2, max:4)

──────────────────────────────────────────────────
🖥️  ASG-dba62b23 (i-07aeddb27dba62b23)
   AZ: us-east-1a | Type: t2.micro
   📊 CPU: 3.70% | Disk: N/A

🔧 FEATURE ENGINEERING
============================================================
   ✅ Created 38 features
   🔮 Predicted (1h): CPU: 67.2%

──────────────────────────────────────────────────
🖥️  ASG-8768d9dd (i-0c21880718768d9dd)
   AZ: us-east-1b | Type: t2.micro
   ⚠️ Could not fetch CPU metrics

==================================================
📊 ASG AGGREGATE METRICS
==================================================
   Average CPU: 3.70%
   Max CPU: 3.70%
   Instances monitored: 1

✅ All instances healthy. No alerts.

⏳ Next check in 30 seconds...

======================================================================
⏰ ASG CHECK: 2025-12-03 11:14:52
======================================================================

📦 ASG: ML-Auto-scaling-Group
   Capacity: 2/2 (min:2, max:4)

──────────────────────────────────────────────────
🖥️  ASG-dba62b23 (i-07aeddb27dba62b23)
   AZ: us-east-1a | Type: t2.micro
   📊 CPU: 3.70% | Disk: N/A

🔧 FEATURE ENGINEERING
============================================================
   ✅ Created 38 features
   🔮 Predicted (1h): CPU: 67.2%

──────────────────────────────────────────────────
🖥️  ASG-8768d9dd (i-0c21880718768d9dd)
   AZ: us-east-1b | Type: t2.micro
   ⚠️ Could not fetch CPU metrics

==================================================
📊 ASG AGGREGATE METRICS
==================================================
   Average CPU: 3.70%
   Max CPU: 3.70%
   Instances monitored: 1

✅ All instances healthy. No alerts.

⏳ Next check in 30 seconds...

======================================================================
⏰ ASG CHECK: 2025-12-03 11:15:22
======================================================================

📦 ASG: ML-Auto-scaling-Group
   Capacity: 2/2 (min:2, max:4)

──────────────────────────────────────────────────
🖥️  ASG-dba62b23 (i-07aeddb27dba62b23)
   AZ: us-east-1a | Type: t2.micro
   📊 CPU: 3.70% | Disk: N/A

🔧 FEATURE ENGINEERING
============================================================
   ✅ Created 38 features
   🔮 Predicted (1h): CPU: 67.2%

──────────────────────────────────────────────────
🖥️  ASG-8768d9dd (i-0c21880718768d9dd)
   AZ: us-east-1b | Type: t2.micro
   ⚠️ Could not fetch CPU metrics

==================================================
📊 ASG AGGREGATE METRICS
==================================================
   Average CPU: 3.70%
   Max CPU: 3.70%
   Instances monitored: 1

✅ All instances healthy. No alerts.

⏳ Next check in 30 seconds...

======================================================================
⏰ ASG CHECK: 2025-12-03 11:15:52
======================================================================

📦 ASG: ML-Auto-scaling-Group
   Capacity: 2/2 (min:2, max:4)

──────────────────────────────────────────────────
🖥️  ASG-dba62b23 (i-07aeddb27dba62b23)
   AZ: us-east-1a | Type: t2.micro
   📊 CPU: 3.70% | Disk: N/A

🔧 FEATURE ENGINEERING
============================================================
   ✅ Created 38 features
   🔮 Predicted (1h): CPU: 67.2%

──────────────────────────────────────────────────
🖥️  ASG-8768d9dd (i-0c21880718768d9dd)
   AZ: us-east-1b | Type: t2.micro
   ⚠️ Could not fetch CPU metrics

==================================================
📊 ASG AGGREGATE METRICS
==================================================
   Average CPU: 3.70%
   Max CPU: 3.70%
   Instances monitored: 1

✅ All instances healthy. No alerts.

⏳ Next check in 30 seconds...

======================================================================
⏰ ASG CHECK: 2025-12-03 11:16:23
======================================================================

📦 ASG: ML-Auto-scaling-Group
   Capacity: 2/2 (min:2, max:4)

──────────────────────────────────────────────────
🖥️  ASG-dba62b23 (i-07aeddb27dba62b23)
   AZ: us-east-1a | Type: t2.micro
   📊 CPU: 3.73% | Disk: N/A

🔧 FEATURE ENGINEERING
============================================================
   ✅ Created 38 features
   🔮 Predicted (1h): CPU: 67.2%

──────────────────────────────────────────────────
🖥️  ASG-8768d9dd (i-0c21880718768d9dd)
   AZ: us-east-1b | Type: t2.micro
   ⚠️ Could not fetch CPU metrics

==================================================
📊 ASG AGGREGATE METRICS
==================================================
   Average CPU: 3.73%
   Max CPU: 3.73%
   Instances monitored: 1

✅ All instances healthy. No alerts.

⏳ Next check in 30 seconds...

======================================================================
⏰ ASG CHECK: 2025-12-03 11:16:53
======================================================================

📦 ASG: ML-Auto-scaling-Group
   Capacity: 2/2 (min:2, max:4)

──────────────────────────────────────────────────
🖥️  ASG-dba62b23 (i-07aeddb27dba62b23)
   AZ: us-east-1a | Type: t2.micro
   📊 CPU: 3.72% | Disk: N/A

🔧 FEATURE ENGINEERING
============================================================
   ✅ Created 38 features
   🔮 Predicted (1h): CPU: 67.2%

──────────────────────────────────────────────────
🖥️  ASG-8768d9dd (i-0c21880718768d9dd)
   AZ: us-east-1b | Type: t2.micro
   ⚠️ Could not fetch CPU metrics

==================================================
📊 ASG AGGREGATE METRICS
==================================================
   Average CPU: 3.72%
   Max CPU: 3.72%
   Instances monitored: 1

✅ All instances healthy. No alerts.

⏳ Next check in 30 seconds...

======================================================================
⏰ ASG CHECK: 2025-12-03 11:17:23
======================================================================

📦 ASG: ML-Auto-scaling-Group
   Capacity: 2/2 (min:2, max:4)

──────────────────────────────────────────────────
🖥️  ASG-dba62b23 (i-07aeddb27dba62b23)
   AZ: us-east-1a | Type: t2.micro
   📊 CPU: 3.72% | Disk: N/A

🔧 FEATURE ENGINEERING
============================================================
   ✅ Created 38 features
   🔮 Predicted (1h): CPU: 67.2%

──────────────────────────────────────────────────
🖥️  ASG-8768d9dd (i-0c21880718768d9dd)
   AZ: us-east-1b | Type: t2.micro
   📊 CPU: 0.27% | Disk: N/A

🔧 FEATURE ENGINEERING
============================================================
   ✅ Created 38 features
   🔮 Predicted (1h): CPU: 67.2%

==================================================
📊 ASG AGGREGATE METRICS
==================================================
   Average CPU: 1.99%
   Max CPU: 3.72%
   Instances monitored: 2

✅ All instances healthy. No alerts.

⏳ Next check in 30 seconds...

======================================================================
⏰ ASG CHECK: 2025-12-03 11:17:54
======================================================================

📦 ASG: ML-Auto-scaling-Group
   Capacity: 2/2 (min:2, max:4)

──────────────────────────────────────────────────
🖥️  ASG-dba62b23 (i-07aeddb27dba62b23)
   AZ: us-east-1a | Type: t2.micro
   📊 CPU: 3.72% | Disk: N/A

🔧 FEATURE ENGINEERING
============================================================
   ✅ Created 38 features
   🔮 Predicted (1h): CPU: 67.2%

──────────────────────────────────────────────────
🖥️  ASG-8768d9dd (i-0c21880718768d9dd)
   AZ: us-east-1b | Type: t2.micro
   📊 CPU: 0.27% | Disk: N/A

🔧 FEATURE ENGINEERING
============================================================
   ✅ Created 38 features
   🔮 Predicted (1h): CPU: 67.2%

==================================================
📊 ASG AGGREGATE METRICS
==================================================
   Average CPU: 1.99%
   Max CPU: 3.72%
   Instances monitored: 2

✅ All instances healthy. No alerts.

⏳ Next check in 30 seconds...

======================================================================
⏰ ASG CHECK: 2025-12-03 11:18:24
======================================================================

📦 ASG: ML-Auto-scaling-Group
   Capacity: 2/2 (min:2, max:4)

──────────────────────────────────────────────────
🖥️  ASG-dba62b23 (i-07aeddb27dba62b23)
   AZ: us-east-1a | Type: t2.micro
   📊 CPU: 3.72% | Disk: N/A

🔧 FEATURE ENGINEERING
============================================================
   ✅ Created 38 features
   🔮 Predicted (1h): CPU: 67.2%

──────────────────────────────────────────────────
🖥️  ASG-8768d9dd (i-0c21880718768d9dd)
   AZ: us-east-1b | Type: t2.micro
   ⚠️ Could not fetch CPU metrics

==================================================
📊 ASG AGGREGATE METRICS
==================================================
   Average CPU: 3.72%
   Max CPU: 3.72%
   Instances monitored: 1

✅ All instances healthy. No alerts.

⏳ Next check in 30 seconds...

======================================================================
⏰ ASG CHECK: 2025-12-03 11:18:54
======================================================================

🔍 Discovering instances in ASG: ML-Auto-scaling-Group
   ✅ Found 2 running instances:
      • ASG-dba62b23 (i-07aeddb27dba62b23) - us-east-1a
      • ASG-8768d9dd (i-0c21880718768d9dd) - us-east-1b

📦 ASG: ML-Auto-scaling-Group
   Capacity: 2/2 (min:2, max:4)

──────────────────────────────────────────────────
🖥️  ASG-dba62b23 (i-07aeddb27dba62b23)
   AZ: us-east-1a | Type: t2.micro
   📊 CPU: 3.73% | Disk: N/A

🔧 FEATURE ENGINEERING
============================================================
   ✅ Created 38 features
   🔮 Predicted (1h): CPU: 67.2%

──────────────────────────────────────────────────
🖥️  ASG-8768d9dd (i-0c21880718768d9dd)
   AZ: us-east-1b | Type: t2.micro
   ⚠️ Could not fetch CPU metrics

==================================================
📊 ASG AGGREGATE METRICS
==================================================
   Average CPU: 3.73%
   Max CPU: 3.73%
   Instances monitored: 1

✅ All instances healthy. No alerts.

⏳ Next check in 30 seconds...

======================================================================
⏰ ASG CHECK: 2025-12-03 11:19:25
======================================================================

📦 ASG: ML-Auto-scaling-Group
   Capacity: 2/2 (min:2, max:4)

──────────────────────────────────────────────────
🖥️  ASG-dba62b23 (i-07aeddb27dba62b23)
   AZ: us-east-1a | Type: t2.micro
   📊 CPU: 3.72% | Disk: N/A

🔧 FEATURE ENGINEERING
============================================================
   ✅ Created 38 features
   🔮 Predicted (1h): CPU: 67.2%

──────────────────────────────────────────────────
🖥️  ASG-8768d9dd (i-0c21880718768d9dd)
   AZ: us-east-1b | Type: t2.micro
   ⚠️ Could not fetch CPU metrics

==================================================
📊 ASG AGGREGATE METRICS
==================================================
   Average CPU: 3.72%
   Max CPU: 3.72%
   Instances monitored: 1

✅ All instances healthy. No alerts.

⏳ Next check in 30 seconds...

======================================================================
⏰ ASG CHECK: 2025-12-03 11:19:55
======================================================================

📦 ASG: ML-Auto-scaling-Group
   Capacity: 2/2 (min:2, max:4)

──────────────────────────────────────────────────
🖥️  ASG-dba62b23 (i-07aeddb27dba62b23)
   AZ: us-east-1a | Type: t2.micro
   📊 CPU: 3.72% | Disk: N/A

🔧 FEATURE ENGINEERING
============================================================
   ✅ Created 38 features
   🔮 Predicted (1h): CPU: 67.2%

──────────────────────────────────────────────────
🖥️  ASG-8768d9dd (i-0c21880718768d9dd)
   AZ: us-east-1b | Type: t2.micro
   ⚠️ Could not fetch CPU metrics

==================================================
📊 ASG AGGREGATE METRICS
==================================================
   Average CPU: 3.72%
   Max CPU: 3.72%
   Instances monitored: 1

✅ All instances healthy. No alerts.

⏳ Next check in 30 seconds...

======================================================================
⏰ ASG CHECK: 2025-12-03 11:20:25
======================================================================

📦 ASG: ML-Auto-scaling-Group
   Capacity: 2/2 (min:2, max:4)

──────────────────────────────────────────────────
🖥️  ASG-dba62b23 (i-07aeddb27dba62b23)
   AZ: us-east-1a | Type: t2.micro
   📊 CPU: 3.72% | Disk: N/A

🔧 FEATURE ENGINEERING
============================================================
   ✅ Created 38 features
   🔮 Predicted (1h): CPU: 67.2%

──────────────────────────────────────────────────
🖥️  ASG-8768d9dd (i-0c21880718768d9dd)
   AZ: us-east-1b | Type: t2.micro
   ⚠️ Could not fetch CPU metrics

==================================================
📊 ASG AGGREGATE METRICS
==================================================
   Average CPU: 3.72%
   Max CPU: 3.72%
   Instances monitored: 1

✅ All instances healthy. No alerts.

⏳ Next check in 30 seconds...

======================================================================
⏰ ASG CHECK: 2025-12-03 11:20:56
======================================================================

📦 ASG: ML-Auto-scaling-Group
   Capacity: 2/2 (min:2, max:4)

──────────────────────────────────────────────────
🖥️  ASG-dba62b23 (i-07aeddb27dba62b23)
   AZ: us-east-1a | Type: t2.micro
   📊 CPU: 3.72% | Disk: N/A

🔧 FEATURE ENGINEERING
============================================================
   ✅ Created 38 features
   🔮 Predicted (1h): CPU: 67.2%

──────────────────────────────────────────────────
🖥️  ASG-8768d9dd (i-0c21880718768d9dd)
   AZ: us-east-1b | Type: t2.micro
   ⚠️ Could not fetch CPU metrics

==================================================
📊 ASG AGGREGATE METRICS
==================================================
   Average CPU: 3.72%
   Max CPU: 3.72%
   Instances monitored: 1

✅ All instances healthy. No alerts.

⏳ Next check in 30 seconds...

======================================================================
⏰ ASG CHECK: 2025-12-03 11:21:26
======================================================================

📦 ASG: ML-Auto-scaling-Group
   Capacity: 2/2 (min:2, max:4)

──────────────────────────────────────────────────
🖥️  ASG-dba62b23 (i-07aeddb27dba62b23)
   AZ: us-east-1a | Type: t2.micro
   📊 CPU: 3.63% | Disk: N/A

🔧 FEATURE ENGINEERING
============================================================
   ✅ Created 38 features
   🔮 Predicted (1h): CPU: 67.2%

──────────────────────────────────────────────────
🖥️  ASG-8768d9dd (i-0c21880718768d9dd)
   AZ: us-east-1b | Type: t2.micro
   ⚠️ Could not fetch CPU metrics

==================================================
📊 ASG AGGREGATE METRICS
==================================================
   Average CPU: 3.63%
   Max CPU: 3.63%
   Instances monitored: 1

✅ All instances healthy. No alerts.

⏳ Next check in 30 seconds...

======================================================================
⏰ ASG CHECK: 2025-12-03 11:21:56
======================================================================

📦 ASG: ML-Auto-scaling-Group
   Capacity: 2/2 (min:2, max:4)

──────────────────────────────────────────────────
🖥️  ASG-dba62b23 (i-07aeddb27dba62b23)
   AZ: us-east-1a | Type: t2.micro
   📊 CPU: 3.71% | Disk: N/A

🔧 FEATURE ENGINEERING
============================================================
   ✅ Created 38 features
   🔮 Predicted (1h): CPU: 67.2%

──────────────────────────────────────────────────
🖥️  ASG-8768d9dd (i-0c21880718768d9dd)
   AZ: us-east-1b | Type: t2.micro
   ⚠️ Could not fetch CPU metrics

==================================================
📊 ASG AGGREGATE METRICS
==================================================
   Average CPU: 3.71%
   Max CPU: 3.71%
   Instances monitored: 1

✅ All instances healthy. No alerts.

⏳ Next check in 30 seconds...

======================================================================
⏰ ASG CHECK: 2025-12-03 11:22:27
======================================================================

📦 ASG: ML-Auto-scaling-Group
   Capacity: 2/2 (min:2, max:4)

──────────────────────────────────────────────────
🖥️  ASG-dba62b23 (i-07aeddb27dba62b23)
   AZ: us-east-1a | Type: t2.micro
   📊 CPU: 3.71% | Disk: N/A

🔧 FEATURE ENGINEERING
============================================================
   ✅ Created 38 features
   🔮 Predicted (1h): CPU: 67.2%

──────────────────────────────────────────────────
🖥️  ASG-8768d9dd (i-0c21880718768d9dd)
   AZ: us-east-1b | Type: t2.micro
   📊 CPU: 0.33% | Disk: N/A

🔧 FEATURE ENGINEERING
============================================================
   ✅ Created 38 features
   🔮 Predicted (1h): CPU: 67.2%

==================================================
📊 ASG AGGREGATE METRICS
==================================================
   Average CPU: 2.02%
   Max CPU: 3.71%
   Instances monitored: 2

✅ All instances healthy. No alerts.

⏳ Next check in 30 seconds...

======================================================================
⏰ ASG CHECK: 2025-12-03 11:22:57
======================================================================

📦 ASG: ML-Auto-scaling-Group
   Capacity: 2/2 (min:2, max:4)

──────────────────────────────────────────────────
🖥️  ASG-dba62b23 (i-07aeddb27dba62b23)
   AZ: us-east-1a | Type: t2.micro
   📊 CPU: 3.69% | Disk: N/A

🔧 FEATURE ENGINEERING
============================================================
   ✅ Created 38 features
   🔮 Predicted (1h): CPU: 67.2%

──────────────────────────────────────────────────
🖥️  ASG-8768d9dd (i-0c21880718768d9dd)
   AZ: us-east-1b | Type: t2.micro
   📊 CPU: 0.33% | Disk: N/A

🔧 FEATURE ENGINEERING
============================================================
   ✅ Created 38 features
   🔮 Predicted (1h): CPU: 67.2%

==================================================
📊 ASG AGGREGATE METRICS
==================================================
   Average CPU: 2.01%
   Max CPU: 3.69%
   Instances monitored: 2

✅ All instances healthy. No alerts.

⏳ Next check in 30 seconds...

======================================================================
⏰ ASG CHECK: 2025-12-03 11:23:28
======================================================================

📦 ASG: ML-Auto-scaling-Group
   Capacity: 2/2 (min:2, max:4)

──────────────────────────────────────────────────
🖥️  ASG-dba62b23 (i-07aeddb27dba62b23)
   AZ: us-east-1a | Type: t2.micro
   📊 CPU: 3.67% | Disk: N/A

🔧 FEATURE ENGINEERING
============================================================
   ✅ Created 38 features
   🔮 Predicted (1h): CPU: 67.2%

──────────────────────────────────────────────────
🖥️  ASG-8768d9dd (i-0c21880718768d9dd)
   AZ: us-east-1b | Type: t2.micro
   ⚠️ Could not fetch CPU metrics

==================================================
📊 ASG AGGREGATE METRICS
==================================================
   Average CPU: 3.67%
   Max CPU: 3.67%
   Instances monitored: 1

✅ All instances healthy. No alerts.

⏳ Next check in 30 seconds...

======================================================================
⏰ ASG CHECK: 2025-12-03 11:23:58
======================================================================

🔍 Discovering instances in ASG: ML-Auto-scaling-Group
   ✅ Found 2 running instances:
      • ASG-dba62b23 (i-07aeddb27dba62b23) - us-east-1a
      • ASG-8768d9dd (i-0c21880718768d9dd) - us-east-1b

📦 ASG: ML-Auto-scaling-Group
   Capacity: 2/2 (min:2, max:4)

──────────────────────────────────────────────────
🖥️  ASG-dba62b23 (i-07aeddb27dba62b23)
   AZ: us-east-1a | Type: t2.micro
   📊 CPU: 3.67% | Disk: N/A

🔧 FEATURE ENGINEERING
============================================================
   ✅ Created 38 features
   🔮 Predicted (1h): CPU: 67.2%

──────────────────────────────────────────────────
🖥️  ASG-8768d9dd (i-0c21880718768d9dd)
   AZ: us-east-1b | Type: t2.micro
   ⚠️ Could not fetch CPU metrics

==================================================
📊 ASG AGGREGATE METRICS
==================================================
   Average CPU: 3.67%
   Max CPU: 3.67%
   Instances monitored: 1

✅ All instances healthy. No alerts.

⏳ Next check in 30 seconds...

======================================================================
⏰ ASG CHECK: 2025-12-03 11:24:28
======================================================================

📦 ASG: ML-Auto-scaling-Group
   Capacity: 2/2 (min:2, max:4)

──────────────────────────────────────────────────
🖥️  ASG-dba62b23 (i-07aeddb27dba62b23)
   AZ: us-east-1a | Type: t2.micro
   📊 CPU: 3.67% | Disk: N/A

🔧 FEATURE ENGINEERING
============================================================
   ✅ Created 38 features
   🔮 Predicted (1h): CPU: 67.2%

──────────────────────────────────────────────────
🖥️  ASG-8768d9dd (i-0c21880718768d9dd)
   AZ: us-east-1b | Type: t2.micro
   ⚠️ Could not fetch CPU metrics

==================================================
📊 ASG AGGREGATE METRICS
==================================================
   Average CPU: 3.67%
   Max CPU: 3.67%
   Instances monitored: 1

✅ All instances healthy. No alerts.

⏳ Next check in 30 seconds...

======================================================================
⏰ ASG CHECK: 2025-12-03 11:24:59
======================================================================

📦 ASG: ML-Auto-scaling-Group
   Capacity: 2/2 (min:2, max:4)

──────────────────────────────────────────────────
🖥️  ASG-dba62b23 (i-07aeddb27dba62b23)
   AZ: us-east-1a | Type: t2.micro
   📊 CPU: 3.67% | Disk: N/A

🔧 FEATURE ENGINEERING
============================================================
   ✅ Created 38 features
   🔮 Predicted (1h): CPU: 67.2%

──────────────────────────────────────────────────
🖥️  ASG-8768d9dd (i-0c21880718768d9dd)
   AZ: us-east-1b | Type: t2.micro
   ⚠️ Could not fetch CPU metrics

==================================================
📊 ASG AGGREGATE METRICS
==================================================
   Average CPU: 3.67%
   Max CPU: 3.67%
   Instances monitored: 1

✅ All instances healthy. No alerts.

⏳ Next check in 30 seconds...

======================================================================
⏰ ASG CHECK: 2025-12-03 11:25:29
======================================================================

📦 ASG: ML-Auto-scaling-Group
   Capacity: 2/2 (min:2, max:4)

──────────────────────────────────────────────────
🖥️  ASG-dba62b23 (i-07aeddb27dba62b23)
   AZ: us-east-1a | Type: t2.micro
   📊 CPU: 3.67% | Disk: N/A

🔧 FEATURE ENGINEERING
============================================================
   ✅ Created 38 features
   🔮 Predicted (1h): CPU: 67.2%

──────────────────────────────────────────────────
🖥️  ASG-8768d9dd (i-0c21880718768d9dd)
   AZ: us-east-1b | Type: t2.micro
   ⚠️ Could not fetch CPU metrics

==================================================
📊 ASG AGGREGATE METRICS
==================================================
   Average CPU: 3.67%
   Max CPU: 3.67%
   Instances monitored: 1

✅ All instances healthy. No alerts.

⏳ Next check in 30 seconds...

======================================================================
⏰ ASG CHECK: 2025-12-03 11:25:59
======================================================================

📦 ASG: ML-Auto-scaling-Group
   Capacity: 2/2 (min:2, max:4)

──────────────────────────────────────────────────
🖥️  ASG-dba62b23 (i-07aeddb27dba62b23)
   AZ: us-east-1a | Type: t2.micro
   📊 CPU: 3.67% | Disk: N/A

🔧 FEATURE ENGINEERING
============================================================
   ✅ Created 38 features
   🔮 Predicted (1h): CPU: 67.2%

──────────────────────────────────────────────────
🖥️  ASG-8768d9dd (i-0c21880718768d9dd)
   AZ: us-east-1b | Type: t2.micro
   ⚠️ Could not fetch CPU metrics

==================================================
📊 ASG AGGREGATE METRICS
==================================================
   Average CPU: 3.67%
   Max CPU: 3.67%
   Instances monitored: 1

✅ All instances healthy. No alerts.

⏳ Next check in 30 seconds...

======================================================================
⏰ ASG CHECK: 2025-12-03 11:26:30
======================================================================

📦 ASG: ML-Auto-scaling-Group
   Capacity: 2/2 (min:2, max:4)

──────────────────────────────────────────────────
🖥️  ASG-dba62b23 (i-07aeddb27dba62b23)
   AZ: us-east-1a | Type: t2.micro
   📊 CPU: 3.59% | Disk: N/A

🔧 FEATURE ENGINEERING
============================================================
   ✅ Created 38 features
   🔮 Predicted (1h): CPU: 67.2%

──────────────────────────────────────────────────
🖥️  ASG-8768d9dd (i-0c21880718768d9dd)
   AZ: us-east-1b | Type: t2.micro
   ⚠️ Could not fetch CPU metrics

==================================================
📊 ASG AGGREGATE METRICS
==================================================
   Average CPU: 3.59%
   Max CPU: 3.59%
   Instances monitored: 1

✅ All instances healthy. No alerts.

⏳ Next check in 30 seconds...

======================================================================
⏰ ASG CHECK: 2025-12-03 11:27:00
======================================================================

📦 ASG: ML-Auto-scaling-Group
   Capacity: 2/2 (min:2, max:4)

──────────────────────────────────────────────────
🖥️  ASG-dba62b23 (i-07aeddb27dba62b23)
   AZ: us-east-1a | Type: t2.micro
   📊 CPU: 3.59% | Disk: N/A

🔧 FEATURE ENGINEERING
============================================================
   ✅ Created 38 features
   🔮 Predicted (1h): CPU: 67.2%

──────────────────────────────────────────────────
🖥️  ASG-8768d9dd (i-0c21880718768d9dd)
   AZ: us-east-1b | Type: t2.micro
   ⚠️ Could not fetch CPU metrics

==================================================
📊 ASG AGGREGATE METRICS
==================================================
   Average CPU: 3.59%
   Max CPU: 3.59%
   Instances monitored: 1

✅ All instances healthy. No alerts.

⏳ Next check in 30 seconds...

======================================================================
⏰ ASG CHECK: 2025-12-03 11:27:30
======================================================================

📦 ASG: ML-Auto-scaling-Group
   Capacity: 2/2 (min:2, max:4)

──────────────────────────────────────────────────
🖥️  ASG-dba62b23 (i-07aeddb27dba62b23)
   AZ: us-east-1a | Type: t2.micro
   📊 CPU: 3.59% | Disk: N/A

🔧 FEATURE ENGINEERING
============================================================
   ✅ Created 38 features
   🔮 Predicted (1h): CPU: 67.2%

──────────────────────────────────────────────────
🖥️  ASG-8768d9dd (i-0c21880718768d9dd)
   AZ: us-east-1b | Type: t2.micro
   📊 CPU: 0.37% | Disk: N/A

🔧 FEATURE ENGINEERING
============================================================
   ✅ Created 38 features
   🔮 Predicted (1h): CPU: 67.2%

==================================================
📊 ASG AGGREGATE METRICS
==================================================
   Average CPU: 1.98%
   Max CPU: 3.59%
   Instances monitored: 2

✅ All instances healthy. No alerts.

⏳ Next check in 30 seconds...

======================================================================
⏰ ASG CHECK: 2025-12-03 11:28:01
======================================================================

📦 ASG: ML-Auto-scaling-Group
   Capacity: 2/2 (min:2, max:4)

──────────────────────────────────────────────────
🖥️  ASG-dba62b23 (i-07aeddb27dba62b23)
   AZ: us-east-1a | Type: t2.micro
   📊 CPU: 3.62% | Disk: N/A

🔧 FEATURE ENGINEERING
============================================================
   ✅ Created 38 features
   🔮 Predicted (1h): CPU: 67.2%

──────────────────────────────────────────────────
🖥️  ASG-8768d9dd (i-0c21880718768d9dd)
   AZ: us-east-1b | Type: t2.micro
   ⚠️ Could not fetch CPU metrics

==================================================
📊 ASG AGGREGATE METRICS
==================================================
   Average CPU: 3.62%
   Max CPU: 3.62%
   Instances monitored: 1

✅ All instances healthy. No alerts.

⏳ Next check in 30 seconds...

======================================================================
⏰ ASG CHECK: 2025-12-03 11:28:31
======================================================================

📦 ASG: ML-Auto-scaling-Group
   Capacity: 2/2 (min:2, max:4)

──────────────────────────────────────────────────
🖥️  ASG-dba62b23 (i-07aeddb27dba62b23)
   AZ: us-east-1a | Type: t2.micro
   📊 CPU: 3.64% | Disk: N/A

🔧 FEATURE ENGINEERING
============================================================
   ✅ Created 38 features
   🔮 Predicted (1h): CPU: 67.2%

──────────────────────────────────────────────────
🖥️  ASG-8768d9dd (i-0c21880718768d9dd)
   AZ: us-east-1b | Type: t2.micro
   ⚠️ Could not fetch CPU metrics

==================================================
📊 ASG AGGREGATE METRICS
==================================================
   Average CPU: 3.64%
   Max CPU: 3.64%
   Instances monitored: 1

✅ All instances healthy. No alerts.

⏳ Next check in 30 seconds...

======================================================================
⏰ ASG CHECK: 2025-12-03 11:29:01
======================================================================

🔍 Discovering instances in ASG: ML-Auto-scaling-Group
   ✅ Found 2 running instances:
      • ASG-dba62b23 (i-07aeddb27dba62b23) - us-east-1a
      • ASG-8768d9dd (i-0c21880718768d9dd) - us-east-1b

📦 ASG: ML-Auto-scaling-Group
   Capacity: 2/2 (min:2, max:4)

──────────────────────────────────────────────────
🖥️  ASG-dba62b23 (i-07aeddb27dba62b23)
   AZ: us-east-1a | Type: t2.micro
   📊 CPU: 3.64% | Disk: N/A

🔧 FEATURE ENGINEERING
============================================================
   ✅ Created 38 features
   🔮 Predicted (1h): CPU: 67.2%

──────────────────────────────────────────────────
🖥️  ASG-8768d9dd (i-0c21880718768d9dd)
   AZ: us-east-1b | Type: t2.micro
   ⚠️ Could not fetch CPU metrics

==================================================
📊 ASG AGGREGATE METRICS
==================================================
   Average CPU: 3.64%
   Max CPU: 3.64%
   Instances monitored: 1

✅ All instances healthy. No alerts.

⏳ Next check in 30 seconds...

======================================================================
⏰ ASG CHECK: 2025-12-03 11:29:32
======================================================================

📦 ASG: ML-Auto-scaling-Group
   Capacity: 2/2 (min:2, max:4)

──────────────────────────────────────────────────
🖥️  ASG-dba62b23 (i-07aeddb27dba62b23)
   AZ: us-east-1a | Type: t2.micro
   📊 CPU: 21.59% | Disk: N/A

🔧 FEATURE ENGINEERING
============================================================
   ✅ Created 38 features
   🔮 Predicted (1h): CPU: 59.5%

──────────────────────────────────────────────────
🖥️  ASG-8768d9dd (i-0c21880718768d9dd)
   AZ: us-east-1b | Type: t2.micro
   ⚠️ Could not fetch CPU metrics

==================================================
📊 ASG AGGREGATE METRICS
==================================================
   Average CPU: 21.59%
   Max CPU: 21.59%
   Instances monitored: 1

✅ All instances healthy. No alerts.

⏳ Next check in 30 seconds...

======================================================================
⏰ ASG CHECK: 2025-12-03 11:30:02
======================================================================

📦 ASG: ML-Auto-scaling-Group
   Capacity: 1/1 (min:1, max:2)

──────────────────────────────────────────────────
🖥️  ASG-dba62b23 (i-07aeddb27dba62b23)
   AZ: us-east-1a | Type: t2.micro
   📊 CPU: 21.59% | Disk: N/A

🔧 FEATURE ENGINEERING
============================================================
   ✅ Created 38 features
   🔮 Predicted (1h): CPU: 59.5%

──────────────────────────────────────────────────
🖥️  ASG-8768d9dd (i-0c21880718768d9dd)
   AZ: us-east-1b | Type: t2.micro
   ⚠️ Could not fetch CPU metrics

==================================================
📊 ASG AGGREGATE METRICS
==================================================
   Average CPU: 21.59%
   Max CPU: 21.59%
   Instances monitored: 1

✅ All instances healthy. No alerts.

⏳ Next check in 30 seconds...

======================================================================
⏰ ASG CHECK: 2025-12-03 11:30:32
======================================================================

📦 ASG: ML-Auto-scaling-Group
   Capacity: 1/1 (min:1, max:2)

──────────────────────────────────────────────────
🖥️  ASG-dba62b23 (i-07aeddb27dba62b23)
   AZ: us-east-1a | Type: t2.micro
   📊 CPU: 21.59% | Disk: N/A

🔧 FEATURE ENGINEERING
============================================================
   ✅ Created 38 features
   🔮 Predicted (1h): CPU: 59.5%

──────────────────────────────────────────────────
🖥️  ASG-8768d9dd (i-0c21880718768d9dd)
   AZ: us-east-1b | Type: t2.micro
   ⚠️ Could not fetch CPU metrics

==================================================
📊 ASG AGGREGATE METRICS
==================================================
   Average CPU: 21.59%
   Max CPU: 21.59%
   Instances monitored: 1

✅ All instances healthy. No alerts.

⏳ Next check in 30 seconds...

======================================================================
⏰ ASG CHECK: 2025-12-03 11:31:03
======================================================================

📦 ASG: ML-Auto-scaling-Group
   Capacity: 1/1 (min:1, max:2)

──────────────────────────────────────────────────
🖥️  ASG-dba62b23 (i-07aeddb27dba62b23)
   AZ: us-east-1a | Type: t2.micro
   ⚠️ Could not fetch CPU metrics

──────────────────────────────────────────────────
🖥️  ASG-8768d9dd (i-0c21880718768d9dd)
   AZ: us-east-1b | Type: t2.micro
   ⚠️ Could not fetch CPU metrics

✅ All instances healthy. No alerts.

⏳ Next check in 30 seconds...

======================================================================
⏰ ASG CHECK: 2025-12-03 11:31:33
======================================================================

📦 ASG: ML-Auto-scaling-Group
   Capacity: 1/1 (min:1, max:2)

──────────────────────────────────────────────────
🖥️  ASG-dba62b23 (i-07aeddb27dba62b23)
   AZ: us-east-1a | Type: t2.micro
   ⚠️ Could not fetch CPU metrics

──────────────────────────────────────────────────
🖥️  ASG-8768d9dd (i-0c21880718768d9dd)
   AZ: us-east-1b | Type: t2.micro
   ⚠️ Could not fetch CPU metrics

✅ All instances healthy. No alerts.

⏳ Next check in 30 seconds...

======================================================================
⏰ ASG CHECK: 2025-12-03 11:32:03
======================================================================

📦 ASG: ML-Auto-scaling-Group
   Capacity: 1/1 (min:1, max:2)

──────────────────────────────────────────────────
🖥️  ASG-dba62b23 (i-07aeddb27dba62b23)
   AZ: us-east-1a | Type: t2.micro
   ⚠️ Could not fetch CPU metrics

──────────────────────────────────────────────────
🖥️  ASG-8768d9dd (i-0c21880718768d9dd)
   AZ: us-east-1b | Type: t2.micro
   ⚠️ Could not fetch CPU metrics

✅ All instances healthy. No alerts.

⏳ Next check in 30 seconds...

======================================================================
⏰ ASG CHECK: 2025-12-03 11:32:33
======================================================================

📦 ASG: ML-Auto-scaling-Group
   Capacity: 1/1 (min:1, max:2)

──────────────────────────────────────────────────
🖥️  ASG-dba62b23 (i-07aeddb27dba62b23)
   AZ: us-east-1a | Type: t2.micro
   ⚠️ Could not fetch CPU metrics

──────────────────────────────────────────────────
🖥️  ASG-8768d9dd (i-0c21880718768d9dd)
   AZ: us-east-1b | Type: t2.micro
   📊 CPU: 0.33% | Disk: N/A

🔧 FEATURE ENGINEERING
============================================================
   ✅ Created 38 features
   🔮 Predicted (1h): CPU: 67.2%

==================================================
📊 ASG AGGREGATE METRICS
==================================================
   Average CPU: 0.33%
   Max CPU: 0.33%
   Instances monitored: 1

✅ All instances healthy. No alerts.

⏳ Next check in 30 seconds...

======================================================================
⏰ ASG CHECK: 2025-12-03 11:33:04
======================================================================

📦 ASG: ML-Auto-scaling-Group
   Capacity: 1/1 (min:1, max:2)

──────────────────────────────────────────────────
🖥️  ASG-dba62b23 (i-07aeddb27dba62b23)
   AZ: us-east-1a | Type: t2.micro
   ⚠️ Could not fetch CPU metrics

──────────────────────────────────────────────────
🖥️  ASG-8768d9dd (i-0c21880718768d9dd)
   AZ: us-east-1b | Type: t2.micro
   ⚠️ Could not fetch CPU metrics

✅ All instances healthy. No alerts.

⏳ Next check in 30 seconds...

======================================================================
⏰ ASG CHECK: 2025-12-03 11:33:34
======================================================================

📦 ASG: ML-Auto-scaling-Group
   Capacity: 1/1 (min:1, max:2)

──────────────────────────────────────────────────
🖥️  ASG-dba62b23 (i-07aeddb27dba62b23)
   AZ: us-east-1a | Type: t2.micro
   ⚠️ Could not fetch CPU metrics

──────────────────────────────────────────────────
🖥️  ASG-8768d9dd (i-0c21880718768d9dd)
   AZ: us-east-1b | Type: t2.micro
   ⚠️ Could not fetch CPU metrics

✅ All instances healthy. No alerts.

⏳ Next check in 30 seconds...

======================================================================
⏰ ASG CHECK: 2025-12-03 11:34:04
======================================================================

🔍 Discovering instances in ASG: ML-Auto-scaling-Group
   ✅ Found 1 running instances:
      • ASG-8768d9dd (i-0c21880718768d9dd) - us-east-1b

📉 SCALE IN: Removed instances: i-07aeddb27dba62b23

📦 ASG: ML-Auto-scaling-Group
   Capacity: 1/1 (min:1, max:2)

──────────────────────────────────────────────────
🖥️  ASG-8768d9dd (i-0c21880718768d9dd)
   AZ: us-east-1b | Type: t2.micro
   ⚠️ Could not fetch CPU metrics

✅ All instances healthy. No alerts.

⏳ Next check in 30 seconds...

======================================================================
⏰ ASG CHECK: 2025-12-03 11:34:35
======================================================================

📦 ASG: ML-Auto-scaling-Group
   Capacity: 1/1 (min:1, max:2)

──────────────────────────────────────────────────
🖥️  ASG-8768d9dd (i-0c21880718768d9dd)
   AZ: us-east-1b | Type: t2.micro
   ⚠️ Could not fetch CPU metrics

✅ All instances healthy. No alerts.

⏳ Next check in 30 seconds...

======================================================================
⏰ ASG CHECK: 2025-12-03 11:35:05
======================================================================

📦 ASG: ML-Auto-scaling-Group
   Capacity: 1/1 (min:1, max:2)

──────────────────────────────────────────────────
🖥️  ASG-8768d9dd (i-0c21880718768d9dd)
   AZ: us-east-1b | Type: t2.micro
   ⚠️ Could not fetch CPU metrics

✅ All instances healthy. No alerts.

⏳ Next check in 30 seconds...

======================================================================
⏰ ASG CHECK: 2025-12-03 11:35:35
======================================================================

📦 ASG: ML-Auto-scaling-Group
   Capacity: 1/1 (min:1, max:2)

──────────────────────────────────────────────────
🖥️  ASG-8768d9dd (i-0c21880718768d9dd)
   AZ: us-east-1b | Type: t2.micro
   ⚠️ Could not fetch CPU metrics

✅ All instances healthy. No alerts.

⏳ Next check in 30 seconds...

======================================================================
⏰ ASG CHECK: 2025-12-03 11:36:05
======================================================================

📦 ASG: ML-Auto-scaling-Group
   Capacity: 1/1 (min:1, max:2)

──────────────────────────────────────────────────
🖥️  ASG-8768d9dd (i-0c21880718768d9dd)
   AZ: us-east-1b | Type: t2.micro
   ⚠️ Could not fetch CPU metrics

✅ All instances healthy. No alerts.

⏳ Next check in 30 seconds...

======================================================================
⏰ ASG CHECK: 2025-12-03 11:36:35
======================================================================

📦 ASG: ML-Auto-scaling-Group
   Capacity: 1/1 (min:1, max:2)

──────────────────────────────────────────────────
🖥️  ASG-8768d9dd (i-0c21880718768d9dd)
   AZ: us-east-1b | Type: t2.micro
   ⚠️ Could not fetch CPU metrics

✅ All instances healthy. No alerts.

⏳ Next check in 30 seconds...

======================================================================
⏰ ASG CHECK: 2025-12-03 11:37:05
======================================================================

📦 ASG: ML-Auto-scaling-Group
   Capacity: 1/1 (min:1, max:2)

──────────────────────────────────────────────────
🖥️  ASG-8768d9dd (i-0c21880718768d9dd)
   AZ: us-east-1b | Type: t2.micro
   ⚠️ Could not fetch CPU metrics

✅ All instances healthy. No alerts.

⏳ Next check in 30 seconds...

======================================================================
⏰ ASG CHECK: 2025-12-03 11:37:36
======================================================================

📦 ASG: ML-Auto-scaling-Group
   Capacity: 1/1 (min:1, max:2)

──────────────────────────────────────────────────
🖥️  ASG-8768d9dd (i-0c21880718768d9dd)
   AZ: us-east-1b | Type: t2.micro
   📊 CPU: 24.93% | Disk: N/A

🔧 FEATURE ENGINEERING
============================================================
   ✅ Created 38 features
   🔮 Predicted (1h): CPU: 61.7%

==================================================
📊 ASG AGGREGATE METRICS
==================================================
   Average CPU: 24.93%
   Max CPU: 24.93%
   Instances monitored: 1

✅ All instances healthy. No alerts.

⏳ Next check in 30 seconds...

======================================================================
⏰ ASG CHECK: 2025-12-03 11:38:06
======================================================================

📦 ASG: ML-Auto-scaling-Group
   Capacity: 1/1 (min:1, max:2)

──────────────────────────────────────────────────
🖥️  ASG-8768d9dd (i-0c21880718768d9dd)
   AZ: us-east-1b | Type: t2.micro
   ⚠️ Could not fetch CPU metrics

✅ All instances healthy. No alerts.

⏳ Next check in 30 seconds...

======================================================================
⏰ ASG CHECK: 2025-12-03 11:38:36
======================================================================

📦 ASG: ML-Auto-scaling-Group
   Capacity: 1/1 (min:1, max:2)

──────────────────────────────────────────────────
🖥️  ASG-8768d9dd (i-0c21880718768d9dd)
   AZ: us-east-1b | Type: t2.micro
   ⚠️ Could not fetch CPU metrics

✅ All instances healthy. No alerts.

⏳ Next check in 30 seconds...

======================================================================
⏰ ASG CHECK: 2025-12-03 11:39:06
======================================================================

🔍 Discovering instances in ASG: ML-Auto-scaling-Group
   ✅ Found 1 running instances:
      • ASG-8768d9dd (i-0c21880718768d9dd) - us-east-1b

📦 ASG: ML-Auto-scaling-Group
   Capacity: 1/1 (min:1, max:2)

──────────────────────────────────────────────────
🖥️  ASG-8768d9dd (i-0c21880718768d9dd)
   AZ: us-east-1b | Type: t2.micro
   ⚠️ Could not fetch CPU metrics

✅ All instances healthy. No alerts.

⏳ Next check in 30 seconds...

======================================================================
⏰ ASG CHECK: 2025-12-03 11:39:37
======================================================================

📦 ASG: ML-Auto-scaling-Group
   Capacity: 1/1 (min:1, max:2)

──────────────────────────────────────────────────
🖥️  ASG-8768d9dd (i-0c21880718768d9dd)
   AZ: us-east-1b | Type: t2.micro
   ⚠️ Could not fetch CPU metrics

✅ All instances healthy. No alerts.

⏳ Next check in 30 seconds...

======================================================================
⏰ ASG CHECK: 2025-12-03 11:40:07
======================================================================

📦 ASG: ML-Auto-scaling-Group
   Capacity: 1/1 (min:1, max:2)

──────────────────────────────────────────────────
🖥️  ASG-8768d9dd (i-0c21880718768d9dd)
   AZ: us-east-1b | Type: t2.micro
   ⚠️ Could not fetch CPU metrics

✅ All instances healthy. No alerts.

⏳ Next check in 30 seconds...

======================================================================
⏰ ASG CHECK: 2025-12-03 11:40:37
======================================================================

📦 ASG: ML-Auto-scaling-Group
   Capacity: 1/1 (min:1, max:2)

──────────────────────────────────────────────────
🖥️  ASG-8768d9dd (i-0c21880718768d9dd)
   AZ: us-east-1b | Type: t2.micro
   ⚠️ Could not fetch CPU metrics

✅ All instances healthy. No alerts.

⏳ Next check in 30 seconds...

======================================================================
⏰ ASG CHECK: 2025-12-03 11:41:07
======================================================================

📦 ASG: ML-Auto-scaling-Group
   Capacity: 1/1 (min:1, max:2)

──────────────────────────────────────────────────
🖥️  ASG-8768d9dd (i-0c21880718768d9dd)
   AZ: us-east-1b | Type: t2.micro
   ⚠️ Could not fetch CPU metrics

✅ All instances healthy. No alerts.

⏳ Next check in 30 seconds...

======================================================================
⏰ ASG CHECK: 2025-12-03 11:41:37
======================================================================

📦 ASG: ML-Auto-scaling-Group
   Capacity: 1/1 (min:1, max:2)

──────────────────────────────────────────────────
🖥️  ASG-8768d9dd (i-0c21880718768d9dd)
   AZ: us-east-1b | Type: t2.micro
   ⚠️ Could not fetch CPU metrics

✅ All instances healthy. No alerts.

⏳ Next check in 30 seconds...

======================================================================
⏰ ASG CHECK: 2025-12-03 11:42:08
======================================================================

📦 ASG: ML-Auto-scaling-Group
   Capacity: 1/1 (min:1, max:2)

──────────────────────────────────────────────────
🖥️  ASG-8768d9dd (i-0c21880718768d9dd)
   AZ: us-east-1b | Type: t2.micro
   ⚠️ Could not fetch CPU metrics

✅ All instances healthy. No alerts.

⏳ Next check in 30 seconds...

======================================================================
⏰ ASG CHECK: 2025-12-03 11:42:38
======================================================================

📦 ASG: ML-Auto-scaling-Group
   Capacity: 1/1 (min:1, max:2)

──────────────────────────────────────────────────
🖥️  ASG-8768d9dd (i-0c21880718768d9dd)
   AZ: us-east-1b | Type: t2.micro
   📊 CPU: 73.51% | Disk: N/A
   ⚡ CPU SPIKE on i-0c21880718768d9dd: 24.9% → 73.5%

🔧 FEATURE ENGINEERING
============================================================
   ✅ Created 38 features
   🔮 Predicted (1h): CPU: 66.7%

==================================================
📊 ASG AGGREGATE METRICS
==================================================
   Average CPU: 73.51%
   Max CPU: 73.51%
   Instances monitored: 1

🚨 2 ALERT(S) TRIGGERED!
   📧 Alert sent via SNS!

⏳ Next check in 30 seconds...

======================================================================
⏰ ASG CHECK: 2025-12-03 11:43:08
======================================================================

📦 ASG: ML-Auto-scaling-Group
   Capacity: 1/1 (min:1, max:2)

──────────────────────────────────────────────────
🖥️  ASG-8768d9dd (i-0c21880718768d9dd)
   AZ: us-east-1b | Type: t2.micro
   ⚠️ Could not fetch CPU metrics

✅ All instances healthy. No alerts.

⏳ Next check in 30 seconds...

======================================================================
⏰ ASG CHECK: 2025-12-03 11:43:38
======================================================================

📦 ASG: ML-Auto-scaling-Group
   Capacity: 1/1 (min:1, max:2)

──────────────────────────────────────────────────
🖥️  ASG-8768d9dd (i-0c21880718768d9dd)
   AZ: us-east-1b | Type: t2.micro
   ⚠️ Could not fetch CPU metrics

✅ All instances healthy. No alerts.

⏳ Next check in 30 seconds...

======================================================================
⏰ ASG CHECK: 2025-12-03 11:44:08
======================================================================

🔍 Discovering instances in ASG: ML-Auto-scaling-Group
   ✅ Found 1 running instances:
      • ASG-8768d9dd (i-0c21880718768d9dd) - us-east-1b

📦 ASG: ML-Auto-scaling-Group
   Capacity: 1/1 (min:1, max:2)

──────────────────────────────────────────────────
🖥️  ASG-8768d9dd (i-0c21880718768d9dd)
   AZ: us-east-1b | Type: t2.micro
   ⚠️ Could not fetch CPU metrics

✅ All instances healthy. No alerts.

⏳ Next check in 30 seconds...

======================================================================
⏰ ASG CHECK: 2025-12-03 11:44:39
======================================================================

📦 ASG: ML-Auto-scaling-Group
   Capacity: 1/1 (min:1, max:2)

──────────────────────────────────────────────────
🖥️  ASG-8768d9dd (i-0c21880718768d9dd)
   AZ: us-east-1b | Type: t2.micro
   ⚠️ Could not fetch CPU metrics

✅ All instances healthy. No alerts.

⏳ Next check in 30 seconds...

======================================================================
⏰ ASG CHECK: 2025-12-03 11:45:09
======================================================================

📦 ASG: ML-Auto-scaling-Group
   Capacity: 1/1 (min:1, max:2)

──────────────────────────────────────────────────
🖥️  ASG-8768d9dd (i-0c21880718768d9dd)
   AZ: us-east-1b | Type: t2.micro
   ⚠️ Could not fetch CPU metrics

✅ All instances healthy. No alerts.

⏳ Next check in 30 seconds...

======================================================================
⏰ ASG CHECK: 2025-12-03 11:45:39
======================================================================

📦 ASG: ML-Auto-scaling-Group
   Capacity: 1/1 (min:1, max:2)

──────────────────────────────────────────────────
🖥️  ASG-8768d9dd (i-0c21880718768d9dd)
   AZ: us-east-1b | Type: t2.micro
   ⚠️ Could not fetch CPU metrics

✅ All instances healthy. No alerts.

⏳ Next check in 30 seconds...

======================================================================
⏰ ASG CHECK: 2025-12-03 11:46:10
======================================================================

📦 ASG: ML-Auto-scaling-Group
   Capacity: 1/1 (min:1, max:2)

──────────────────────────────────────────────────
🖥️  ASG-8768d9dd (i-0c21880718768d9dd)
   AZ: us-east-1b | Type: t2.micro
   ⚠️ Could not fetch CPU metrics

✅ All instances healthy. No alerts.

⏳ Next check in 30 seconds...

======================================================================
⏰ ASG CHECK: 2025-12-03 11:46:40
======================================================================

📦 ASG: ML-Auto-scaling-Group
   Capacity: 1/1 (min:1, max:2)

──────────────────────────────────────────────────
🖥️  ASG-8768d9dd (i-0c21880718768d9dd)
   AZ: us-east-1b | Type: t2.micro
   ⚠️ Could not fetch CPU metrics

✅ All instances healthy. No alerts.

⏳ Next check in 30 seconds...

======================================================================
⏰ ASG CHECK: 2025-12-03 11:47:10
======================================================================

📦 ASG: ML-Auto-scaling-Group
   Capacity: 1/1 (min:1, max:2)

──────────────────────────────────────────────────
🖥️  ASG-8768d9dd (i-0c21880718768d9dd)
   AZ: us-east-1b | Type: t2.micro
   ⚠️ Could not fetch CPU metrics

✅ All instances healthy. No alerts.

⏳ Next check in 30 seconds...

======================================================================
⏰ ASG CHECK: 2025-12-03 11:47:40
======================================================================

📦 ASG: ML-Auto-scaling-Group
   Capacity: 1/1 (min:1, max:2)

──────────────────────────────────────────────────
🖥️  ASG-8768d9dd (i-0c21880718768d9dd)
   AZ: us-east-1b | Type: t2.micro
   📊 CPU: 0.13% | Disk: N/A

🔧 FEATURE ENGINEERING
============================================================
   ✅ Created 38 features
   🔮 Predicted (1h): CPU: 67.2%

==================================================
📊 ASG AGGREGATE METRICS
==================================================
   Average CPU: 0.13%
   Max CPU: 0.13%
   Instances monitored: 1

✅ All instances healthy. No alerts.

⏳ Next check in 30 seconds...

======================================================================
⏰ ASG CHECK: 2025-12-03 11:48:10
======================================================================

📦 ASG: ML-Auto-scaling-Group
   Capacity: 1/1 (min:1, max:2)

──────────────────────────────────────────────────
🖥️  ASG-8768d9dd (i-0c21880718768d9dd)
   AZ: us-east-1b | Type: t2.micro
   ⚠️ Could not fetch CPU metrics

✅ All instances healthy. No alerts.

⏳ Next check in 30 seconds...

======================================================================
⏰ ASG CHECK: 2025-12-03 11:48:40
======================================================================

📦 ASG: ML-Auto-scaling-Group
   Capacity: 1/1 (min:1, max:2)

──────────────────────────────────────────────────
🖥️  ASG-8768d9dd (i-0c21880718768d9dd)
   AZ: us-east-1b | Type: t2.micro
   ⚠️ Could not fetch CPU metrics

✅ All instances healthy. No alerts.

⏳ Next check in 30 seconds...

======================================================================
⏰ ASG CHECK: 2025-12-03 11:49:11
======================================================================

🔍 Discovering instances in ASG: ML-Auto-scaling-Group
   ✅ Found 1 running instances:
      • ASG-8768d9dd (i-0c21880718768d9dd) - us-east-1b

📦 ASG: ML-Auto-scaling-Group
   Capacity: 1/1 (min:1, max:2)

──────────────────────────────────────────────────
🖥️  ASG-8768d9dd (i-0c21880718768d9dd)
   AZ: us-east-1b | Type: t2.micro
   ⚠️ Could not fetch CPU metrics

✅ All instances healthy. No alerts.

⏳ Next check in 30 seconds...

======================================================================
⏰ ASG CHECK: 2025-12-03 11:49:41
======================================================================

📦 ASG: ML-Auto-scaling-Group
   Capacity: 1/1 (min:1, max:2)

──────────────────────────────────────────────────
🖥️  ASG-8768d9dd (i-0c21880718768d9dd)
   AZ: us-east-1b | Type: t2.micro
   ⚠️ Could not fetch CPU metrics

✅ All instances healthy. No alerts.

⏳ Next check in 30 seconds...

======================================================================
⏰ ASG CHECK: 2025-12-03 11:50:11
======================================================================

📦 ASG: ML-Auto-scaling-Group
   Capacity: 1/1 (min:1, max:2)

──────────────────────────────────────────────────
🖥️  ASG-8768d9dd (i-0c21880718768d9dd)
   AZ: us-east-1b | Type: t2.micro
   ⚠️ Could not fetch CPU metrics

✅ All instances healthy. No alerts.

⏳ Next check in 30 seconds...

======================================================================
⏰ ASG CHECK: 2025-12-03 11:50:41
======================================================================

📦 ASG: ML-Auto-scaling-Group
   Capacity: 1/1 (min:1, max:2)

──────────────────────────────────────────────────
🖥️  ASG-8768d9dd (i-0c21880718768d9dd)
   AZ: us-east-1b | Type: t2.micro
   ⚠️ Could not fetch CPU metrics

✅ All instances healthy. No alerts.

⏳ Next check in 30 seconds...

======================================================================
⏰ ASG CHECK: 2025-12-03 11:51:12
======================================================================

📦 ASG: ML-Auto-scaling-Group
   Capacity: 1/1 (min:1, max:2)

──────────────────────────────────────────────────
🖥️  ASG-8768d9dd (i-0c21880718768d9dd)
   AZ: us-east-1b | Type: t2.micro
   ⚠️ Could not fetch CPU metrics

✅ All instances healthy. No alerts.

⏳ Next check in 30 seconds...

======================================================================
⏰ ASG CHECK: 2025-12-03 11:51:42
======================================================================

📦 ASG: ML-Auto-scaling-Group
   Capacity: 1/1 (min:1, max:2)

──────────────────────────────────────────────────
🖥️  ASG-8768d9dd (i-0c21880718768d9dd)
   AZ: us-east-1b | Type: t2.micro
   ⚠️ Could not fetch CPU metrics

✅ All instances healthy. No alerts.

⏳ Next check in 30 seconds...

======================================================================
⏰ ASG CHECK: 2025-12-03 11:52:12
======================================================================

📦 ASG: ML-Auto-scaling-Group
   Capacity: 1/1 (min:1, max:2)

──────────────────────────────────────────────────
🖥️  ASG-8768d9dd (i-0c21880718768d9dd)
   AZ: us-east-1b | Type: t2.micro
   ⚠️ Could not fetch CPU metrics

✅ All instances healthy. No alerts.

⏳ Next check in 30 seconds...

======================================================================
⏰ ASG CHECK: 2025-12-03 11:52:42
======================================================================

📦 ASG: ML-Auto-scaling-Group
   Capacity: 1/1 (min:1, max:2)

──────────────────────────────────────────────────
🖥️  ASG-8768d9dd (i-0c21880718768d9dd)
   AZ: us-east-1b | Type: t2.micro
   📊 CPU: 0.13% | Disk: N/A

🔧 FEATURE ENGINEERING
============================================================
   ✅ Created 38 features
   🔮 Predicted (1h): CPU: 67.2%

==================================================
📊 ASG AGGREGATE METRICS
==================================================
   Average CPU: 0.13%
   Max CPU: 0.13%
   Instances monitored: 1

✅ All instances healthy. No alerts.

⏳ Next check in 30 seconds...

======================================================================
⏰ ASG CHECK: 2025-12-03 11:53:12
======================================================================

📦 ASG: ML-Auto-scaling-Group
   Capacity: 1/1 (min:1, max:2)

──────────────────────────────────────────────────
🖥️  ASG-8768d9dd (i-0c21880718768d9dd)
   AZ: us-east-1b | Type: t2.micro
   ⚠️ Could not fetch CPU metrics

✅ All instances healthy. No alerts.

⏳ Next check in 30 seconds...

======================================================================
⏰ ASG CHECK: 2025-12-03 11:53:43
======================================================================

📦 ASG: ML-Auto-scaling-Group
   Capacity: 1/1 (min:1, max:2)

──────────────────────────────────────────────────
🖥️  ASG-8768d9dd (i-0c21880718768d9dd)
   AZ: us-east-1b | Type: t2.micro
   ⚠️ Could not fetch CPU metrics

✅ All instances healthy. No alerts.

⏳ Next check in 30 seconds...

======================================================================
⏰ ASG CHECK: 2025-12-03 11:54:13
======================================================================

🔍 Discovering instances in ASG: ML-Auto-scaling-Group
   ✅ Found 1 running instances:
      • ASG-8768d9dd (i-0c21880718768d9dd) - us-east-1b

📦 ASG: ML-Auto-scaling-Group
   Capacity: 1/1 (min:1, max:2)

──────────────────────────────────────────────────
🖥️  ASG-8768d9dd (i-0c21880718768d9dd)
   AZ: us-east-1b | Type: t2.micro
   ⚠️ Could not fetch CPU metrics

✅ All instances healthy. No alerts.

⏳ Next check in 30 seconds...

======================================================================
⏰ ASG CHECK: 2025-12-03 11:54:43
======================================================================

📦 ASG: ML-Auto-scaling-Group
   Capacity: 1/1 (min:1, max:2)

──────────────────────────────────────────────────
🖥️  ASG-8768d9dd (i-0c21880718768d9dd)
   AZ: us-east-1b | Type: t2.micro
   ⚠️ Could not fetch CPU metrics

✅ All instances healthy. No alerts.

⏳ Next check in 30 seconds...

======================================================================
⏰ ASG CHECK: 2025-12-03 11:55:13
======================================================================

📦 ASG: ML-Auto-scaling-Group
   Capacity: 1/1 (min:1, max:2)

──────────────────────────────────────────────────
🖥️  ASG-8768d9dd (i-0c21880718768d9dd)
   AZ: us-east-1b | Type: t2.micro
   ⚠️ Could not fetch CPU metrics

✅ All instances healthy. No alerts.

⏳ Next check in 30 seconds...

======================================================================
⏰ ASG CHECK: 2025-12-03 11:55:44
======================================================================

📦 ASG: ML-Auto-scaling-Group
   Capacity: 1/1 (min:1, max:2)

──────────────────────────────────────────────────
🖥️  ASG-8768d9dd (i-0c21880718768d9dd)
   AZ: us-east-1b | Type: t2.micro
   ⚠️ Could not fetch CPU metrics

✅ All instances healthy. No alerts.

⏳ Next check in 30 seconds...

======================================================================
⏰ ASG CHECK: 2025-12-03 11:56:14
======================================================================

📦 ASG: ML-Auto-scaling-Group
   Capacity: 1/1 (min:1, max:2)

──────────────────────────────────────────────────
🖥️  ASG-8768d9dd (i-0c21880718768d9dd)
   AZ: us-east-1b | Type: t2.micro
   ⚠️ Could not fetch CPU metrics

✅ All instances healthy. No alerts.

⏳ Next check in 30 seconds...

======================================================================
⏰ ASG CHECK: 2025-12-03 11:56:44
======================================================================

📦 ASG: ML-Auto-scaling-Group
   Capacity: 1/1 (min:1, max:2)

──────────────────────────────────────────────────
🖥️  ASG-8768d9dd (i-0c21880718768d9dd)
   AZ: us-east-1b | Type: t2.micro
   ⚠️ Could not fetch CPU metrics

✅ All instances healthy. No alerts.

⏳ Next check in 30 seconds...

======================================================================
⏰ ASG CHECK: 2025-12-03 11:57:14
======================================================================

📦 ASG: ML-Auto-scaling-Group
   Capacity: 1/1 (min:1, max:2)

──────────────────────────────────────────────────
🖥️  ASG-8768d9dd (i-0c21880718768d9dd)
   AZ: us-east-1b | Type: t2.micro
   ⚠️ Could not fetch CPU metrics

✅ All instances healthy. No alerts.

⏳ Next check in 30 seconds...

======================================================================
⏰ ASG CHECK: 2025-12-03 11:57:44
======================================================================

📦 ASG: ML-Auto-scaling-Group
   Capacity: 1/1 (min:1, max:2)

──────────────────────────────────────────────────
🖥️  ASG-8768d9dd (i-0c21880718768d9dd)
   AZ: us-east-1b | Type: t2.micro
   📊 CPU: 0.81% | Disk: N/A

🔧 FEATURE ENGINEERING
============================================================
   ✅ Created 38 features
   🔮 Predicted (1h): CPU: 67.2%

==================================================
📊 ASG AGGREGATE METRICS
==================================================
   Average CPU: 0.81%
   Max CPU: 0.81%
   Instances monitored: 1

✅ All instances healthy. No alerts.

⏳ Next check in 30 seconds...

======================================================================
⏰ ASG CHECK: 2025-12-03 11:58:14
======================================================================

📦 ASG: ML-Auto-scaling-Group
   Capacity: 1/1 (min:1, max:2)

──────────────────────────────────────────────────
🖥️  ASG-8768d9dd (i-0c21880718768d9dd)
   AZ: us-east-1b | Type: t2.micro
   ⚠️ Could not fetch CPU metrics

✅ All instances healthy. No alerts.

⏳ Next check in 30 seconds...

======================================================================
⏰ ASG CHECK: 2025-12-03 11:58:45
======================================================================

📦 ASG: ML-Auto-scaling-Group
   Capacity: 1/1 (min:1, max:2)

──────────────────────────────────────────────────
🖥️  ASG-8768d9dd (i-0c21880718768d9dd)
   AZ: us-east-1b | Type: t2.micro
   ⚠️ Could not fetch CPU metrics

✅ All instances healthy. No alerts.

⏳ Next check in 30 seconds...

======================================================================
⏰ ASG CHECK: 2025-12-03 11:59:15
======================================================================

🔍 Discovering instances in ASG: ML-Auto-scaling-Group
   ✅ Found 1 running instances:
      • ASG-8768d9dd (i-0c21880718768d9dd) - us-east-1b

📦 ASG: ML-Auto-scaling-Group
   Capacity: 1/1 (min:1, max:2)

──────────────────────────────────────────────────
🖥️  ASG-8768d9dd (i-0c21880718768d9dd)
   AZ: us-east-1b | Type: t2.micro
   ⚠️ Could not fetch CPU metrics

✅ All instances healthy. No alerts.

⏳ Next check in 30 seconds...

======================================================================
⏰ ASG CHECK: 2025-12-03 11:59:45
======================================================================

📦 ASG: ML-Auto-scaling-Group
   Capacity: 1/1 (min:1, max:2)

──────────────────────────────────────────────────
🖥️  ASG-8768d9dd (i-0c21880718768d9dd)
   AZ: us-east-1b | Type: t2.micro
   ⚠️ Could not fetch CPU metrics

✅ All instances healthy. No alerts.

⏳ Next check in 30 seconds...

======================================================================
⏰ ASG CHECK: 2025-12-03 12:00:15
======================================================================

📦 ASG: ML-Auto-scaling-Group
   Capacity: 1/1 (min:1, max:2)

──────────────────────────────────────────────────
🖥️  ASG-8768d9dd (i-0c21880718768d9dd)
   AZ: us-east-1b | Type: t2.micro
   ⚠️ Could not fetch CPU metrics

✅ All instances healthy. No alerts.

⏳ Next check in 30 seconds...

======================================================================
⏰ ASG CHECK: 2025-12-03 12:00:46
======================================================================

📦 ASG: ML-Auto-scaling-Group
   Capacity: 1/1 (min:1, max:2)

──────────────────────────────────────────────────
🖥️  ASG-8768d9dd (i-0c21880718768d9dd)
   AZ: us-east-1b | Type: t2.micro
   ⚠️ Could not fetch CPU metrics

✅ All instances healthy. No alerts.

⏳ Next check in 30 seconds...

======================================================================
⏰ ASG CHECK: 2025-12-03 12:01:16
======================================================================

📦 ASG: ML-Auto-scaling-Group
   Capacity: 1/1 (min:1, max:2)

──────────────────────────────────────────────────
🖥️  ASG-8768d9dd (i-0c21880718768d9dd)
   AZ: us-east-1b | Type: t2.micro
   ⚠️ Could not fetch CPU metrics

✅ All instances healthy. No alerts.

⏳ Next check in 30 seconds...

======================================================================
⏰ ASG CHECK: 2025-12-03 12:01:46
======================================================================

📦 ASG: ML-Auto-scaling-Group
   Capacity: 1/1 (min:1, max:2)

──────────────────────────────────────────────────
🖥️  ASG-8768d9dd (i-0c21880718768d9dd)
   AZ: us-east-1b | Type: t2.micro
   ⚠️ Could not fetch CPU metrics

✅ All instances healthy. No alerts.

⏳ Next check in 30 seconds...

======================================================================
⏰ ASG CHECK: 2025-12-03 12:02:16
======================================================================

📦 ASG: ML-Auto-scaling-Group
   Capacity: 1/1 (min:1, max:2)

──────────────────────────────────────────────────
🖥️  ASG-8768d9dd (i-0c21880718768d9dd)
   AZ: us-east-1b | Type: t2.micro
   ⚠️ Could not fetch CPU metrics

✅ All instances healthy. No alerts.

⏳ Next check in 30 seconds...

======================================================================
⏰ ASG CHECK: 2025-12-03 12:02:46
======================================================================

📦 ASG: ML-Auto-scaling-Group
   Capacity: 1/1 (min:1, max:2)

──────────────────────────────────────────────────
🖥️  ASG-8768d9dd (i-0c21880718768d9dd)
   AZ: us-east-1b | Type: t2.micro
   📊 CPU: 0.23% | Disk: N/A

🔧 FEATURE ENGINEERING
============================================================
   ✅ Created 38 features
   🔮 Predicted (1h): CPU: 67.2%

==================================================
📊 ASG AGGREGATE METRICS
==================================================
   Average CPU: 0.23%
   Max CPU: 0.23%
   Instances monitored: 1

✅ All instances healthy. No alerts.

⏳ Next check in 30 seconds...

======================================================================
⏰ ASG CHECK: 2025-12-03 12:03:17
======================================================================

📦 ASG: ML-Auto-scaling-Group
   Capacity: 1/1 (min:1, max:2)

──────────────────────────────────────────────────
🖥️  ASG-8768d9dd (i-0c21880718768d9dd)
   AZ: us-east-1b | Type: t2.micro
   ⚠️ Could not fetch CPU metrics

✅ All instances healthy. No alerts.

⏳ Next check in 30 seconds...

======================================================================
⏰ ASG CHECK: 2025-12-03 12:03:47
======================================================================

📦 ASG: ML-Auto-scaling-Group
   Capacity: 1/1 (min:1, max:2)

──────────────────────────────────────────────────
🖥️  ASG-8768d9dd (i-0c21880718768d9dd)
   AZ: us-east-1b | Type: t2.micro
   ⚠️ Could not fetch CPU metrics

✅ All instances healthy. No alerts.

⏳ Next check in 30 seconds...

======================================================================
⏰ ASG CHECK: 2025-12-03 12:04:17
======================================================================

🔍 Discovering instances in ASG: ML-Auto-scaling-Group
   ✅ Found 1 running instances:
      • ASG-8768d9dd (i-0c21880718768d9dd) - us-east-1b

📦 ASG: ML-Auto-scaling-Group
   Capacity: 1/1 (min:1, max:2)

──────────────────────────────────────────────────
🖥️  ASG-8768d9dd (i-0c21880718768d9dd)
   AZ: us-east-1b | Type: t2.micro
   ⚠️ Could not fetch CPU metrics

✅ All instances healthy. No alerts.

⏳ Next check in 30 seconds...

======================================================================
⏰ ASG CHECK: 2025-12-03 12:04:47
======================================================================

📦 ASG: ML-Auto-scaling-Group
   Capacity: 1/1 (min:1, max:2)

──────────────────────────────────────────────────
🖥️  ASG-8768d9dd (i-0c21880718768d9dd)
   AZ: us-east-1b | Type: t2.micro
   ⚠️ Could not fetch CPU metrics

✅ All instances healthy. No alerts.

⏳ Next check in 30 seconds...

======================================================================
⏰ ASG CHECK: 2025-12-03 12:05:18
======================================================================

📦 ASG: ML-Auto-scaling-Group
   Capacity: 1/1 (min:1, max:2)

──────────────────────────────────────────────────
🖥️  ASG-8768d9dd (i-0c21880718768d9dd)
   AZ: us-east-1b | Type: t2.micro
   ⚠️ Could not fetch CPU metrics

✅ All instances healthy. No alerts.

⏳ Next check in 30 seconds...

======================================================================
⏰ ASG CHECK: 2025-12-03 12:05:48
======================================================================

📦 ASG: ML-Auto-scaling-Group
   Capacity: 1/1 (min:1, max:2)

──────────────────────────────────────────────────
🖥️  ASG-8768d9dd (i-0c21880718768d9dd)
   AZ: us-east-1b | Type: t2.micro
   ⚠️ Could not fetch CPU metrics

✅ All instances healthy. No alerts.

⏳ Next check in 30 seconds...

======================================================================
⏰ ASG CHECK: 2025-12-03 12:06:18
======================================================================

📦 ASG: ML-Auto-scaling-Group
   Capacity: 1/1 (min:1, max:2)

──────────────────────────────────────────────────
🖥️  ASG-8768d9dd (i-0c21880718768d9dd)
   AZ: us-east-1b | Type: t2.micro
   ⚠️ Could not fetch CPU metrics

✅ All instances healthy. No alerts.

⏳ Next check in 30 seconds...

======================================================================
⏰ ASG CHECK: 2025-12-03 12:06:48
======================================================================

📦 ASG: ML-Auto-scaling-Group
   Capacity: 1/1 (min:1, max:2)

──────────────────────────────────────────────────
🖥️  ASG-8768d9dd (i-0c21880718768d9dd)
   AZ: us-east-1b | Type: t2.micro
   ⚠️ Could not fetch CPU metrics

✅ All instances healthy. No alerts.

⏳ Next check in 30 seconds...

======================================================================
⏰ ASG CHECK: 2025-12-03 12:07:18
======================================================================

📦 ASG: ML-Auto-scaling-Group
   Capacity: 1/1 (min:1, max:2)

──────────────────────────────────────────────────
🖥️  ASG-8768d9dd (i-0c21880718768d9dd)
   AZ: us-east-1b | Type: t2.micro
   📊 CPU: 0.13% | Disk: N/A

🔧 FEATURE ENGINEERING
============================================================
   ✅ Created 38 features
   🔮 Predicted (1h): CPU: 67.2%

==================================================
📊 ASG AGGREGATE METRICS
==================================================
   Average CPU: 0.13%
   Max CPU: 0.13%
   Instances monitored: 1

✅ All instances healthy. No alerts.

⏳ Next check in 30 seconds...

======================================================================
⏰ ASG CHECK: 2025-12-03 12:07:49
======================================================================

📦 ASG: ML-Auto-scaling-Group
   Capacity: 1/1 (min:1, max:2)

──────────────────────────────────────────────────
🖥️  ASG-8768d9dd (i-0c21880718768d9dd)
   AZ: us-east-1b | Type: t2.micro
   📊 CPU: 0.13% | Disk: N/A

🔧 FEATURE ENGINEERING
============================================================
   ✅ Created 38 features
   🔮 Predicted (1h): CPU: 67.2%

==================================================
📊 ASG AGGREGATE METRICS
==================================================
   Average CPU: 0.13%
   Max CPU: 0.13%
   Instances monitored: 1

✅ All instances healthy. No alerts.

⏳ Next check in 30 seconds...

======================================================================
⏰ ASG CHECK: 2025-12-03 12:08:19
======================================================================

📦 ASG: ML-Auto-scaling-Group
   Capacity: 1/1 (min:1, max:2)

──────────────────────────────────────────────────
🖥️  ASG-8768d9dd (i-0c21880718768d9dd)
   AZ: us-east-1b | Type: t2.micro
   ⚠️ Could not fetch CPU metrics

✅ All instances healthy. No alerts.

⏳ Next check in 30 seconds...

======================================================================
⏰ ASG CHECK: 2025-12-03 12:08:49
======================================================================

📦 ASG: ML-Auto-scaling-Group
   Capacity: 1/1 (min:1, max:2)

──────────────────────────────────────────────────
🖥️  ASG-8768d9dd (i-0c21880718768d9dd)
   AZ: us-east-1b | Type: t2.micro
   ⚠️ Could not fetch CPU metrics

✅ All instances healthy. No alerts.

⏳ Next check in 30 seconds...

======================================================================
⏰ ASG CHECK: 2025-12-03 12:09:19
======================================================================

🔍 Discovering instances in ASG: ML-Auto-scaling-Group
   ✅ Found 1 running instances:
      • ASG-8768d9dd (i-0c21880718768d9dd) - us-east-1b

📦 ASG: ML-Auto-scaling-Group
   Capacity: 1/1 (min:1, max:2)

──────────────────────────────────────────────────
🖥️  ASG-8768d9dd (i-0c21880718768d9dd)
   AZ: us-east-1b | Type: t2.micro
   ⚠️ Could not fetch CPU metrics

✅ All instances healthy. No alerts.

⏳ Next check in 30 seconds...

======================================================================
⏰ ASG CHECK: 2025-12-03 12:09:50
======================================================================

📦 ASG: ML-Auto-scaling-Group
   Capacity: 1/1 (min:1, max:2)

──────────────────────────────────────────────────
🖥️  ASG-8768d9dd (i-0c21880718768d9dd)
   AZ: us-east-1b | Type: t2.micro
   ⚠️ Could not fetch CPU metrics

✅ All instances healthy. No alerts.

⏳ Next check in 30 seconds...

======================================================================
⏰ ASG CHECK: 2025-12-03 12:10:20
======================================================================

📦 ASG: ML-Auto-scaling-Group
   Capacity: 1/1 (min:1, max:2)

──────────────────────────────────────────────────
🖥️  ASG-8768d9dd (i-0c21880718768d9dd)
   AZ: us-east-1b | Type: t2.micro
   ⚠️ Could not fetch CPU metrics

✅ All instances healthy. No alerts.

⏳ Next check in 30 seconds...

======================================================================
⏰ ASG CHECK: 2025-12-03 12:10:50
======================================================================

📦 ASG: ML-Auto-scaling-Group
   Capacity: 1/1 (min:1, max:2)

──────────────────────────────────────────────────
🖥️  ASG-8768d9dd (i-0c21880718768d9dd)
   AZ: us-east-1b | Type: t2.micro
   ⚠️ Could not fetch CPU metrics

✅ All instances healthy. No alerts.

⏳ Next check in 30 seconds...

======================================================================
⏰ ASG CHECK: 2025-12-03 12:11:20
======================================================================

📦 ASG: ML-Auto-scaling-Group
   Capacity: 1/1 (min:1, max:2)

──────────────────────────────────────────────────
🖥️  ASG-8768d9dd (i-0c21880718768d9dd)
   AZ: us-east-1b | Type: t2.micro
   ⚠️ Could not fetch CPU metrics

✅ All instances healthy. No alerts.

⏳ Next check in 30 seconds...

======================================================================
⏰ ASG CHECK: 2025-12-03 12:11:50
======================================================================

📦 ASG: ML-Auto-scaling-Group
   Capacity: 1/1 (min:1, max:2)

──────────────────────────────────────────────────
🖥️  ASG-8768d9dd (i-0c21880718768d9dd)
   AZ: us-east-1b | Type: t2.micro
   ⚠️ Could not fetch CPU metrics

✅ All instances healthy. No alerts.

⏳ Next check in 30 seconds...

======================================================================
⏰ ASG CHECK: 2025-12-03 12:12:21
======================================================================

📦 ASG: ML-Auto-scaling-Group
   Capacity: 1/1 (min:1, max:2)

──────────────────────────────────────────────────
🖥️  ASG-8768d9dd (i-0c21880718768d9dd)
   AZ: us-east-1b | Type: t2.micro
   ⚠️ Could not fetch CPU metrics

✅ All instances healthy. No alerts.

⏳ Next check in 30 seconds...

======================================================================
⏰ ASG CHECK: 2025-12-03 12:12:51
======================================================================

📦 ASG: ML-Auto-scaling-Group
   Capacity: 1/1 (min:1, max:2)

──────────────────────────────────────────────────
🖥️  ASG-8768d9dd (i-0c21880718768d9dd)
   AZ: us-east-1b | Type: t2.micro
   📊 CPU: 24.87% | Disk: N/A

🔧 FEATURE ENGINEERING
============================================================
   ✅ Created 38 features
   🔮 Predicted (1h): CPU: 61.7%

==================================================
📊 ASG AGGREGATE METRICS
==================================================
   Average CPU: 24.87%
   Max CPU: 24.87%
   Instances monitored: 1

✅ All instances healthy. No alerts.

⏳ Next check in 30 seconds...

======================================================================
⏰ ASG CHECK: 2025-12-03 12:13:21
======================================================================

📦 ASG: ML-Auto-scaling-Group
   Capacity: 1/1 (min:1, max:2)

──────────────────────────────────────────────────
🖥️  ASG-8768d9dd (i-0c21880718768d9dd)
   AZ: us-east-1b | Type: t2.micro
   ⚠️ Could not fetch CPU metrics

✅ All instances healthy. No alerts.

⏳ Next check in 30 seconds...

======================================================================
⏰ ASG CHECK: 2025-12-03 12:13:51
======================================================================

📦 ASG: ML-Auto-scaling-Group
   Capacity: 1/1 (min:1, max:2)

──────────────────────────────────────────────────
🖥️  ASG-8768d9dd (i-0c21880718768d9dd)
   AZ: us-east-1b | Type: t2.micro
   ⚠️ Could not fetch CPU metrics

✅ All instances healthy. No alerts.

⏳ Next check in 30 seconds...

======================================================================
⏰ ASG CHECK: 2025-12-03 12:14:21
======================================================================

🔍 Discovering instances in ASG: ML-Auto-scaling-Group
   ✅ Found 1 running instances:
      • ASG-8768d9dd (i-0c21880718768d9dd) - us-east-1b

📦 ASG: ML-Auto-scaling-Group
   Capacity: 1/1 (min:1, max:2)

──────────────────────────────────────────────────
🖥️  ASG-8768d9dd (i-0c21880718768d9dd)
   AZ: us-east-1b | Type: t2.micro
   ⚠️ Could not fetch CPU metrics

✅ All instances healthy. No alerts.

⏳ Next check in 30 seconds...

======================================================================
⏰ ASG CHECK: 2025-12-03 12:14:52
======================================================================

📦 ASG: ML-Auto-scaling-Group
   Capacity: 1/1 (min:1, max:2)

──────────────────────────────────────────────────
🖥️  ASG-8768d9dd (i-0c21880718768d9dd)
   AZ: us-east-1b | Type: t2.micro
   ⚠️ Could not fetch CPU metrics

✅ All instances healthy. No alerts.

⏳ Next check in 30 seconds...

======================================================================
⏰ ASG CHECK: 2025-12-03 12:15:22
======================================================================

📦 ASG: ML-Auto-scaling-Group
   Capacity: 1/1 (min:1, max:2)

──────────────────────────────────────────────────
🖥️  ASG-8768d9dd (i-0c21880718768d9dd)
   AZ: us-east-1b | Type: t2.micro
   ⚠️ Could not fetch CPU metrics

✅ All instances healthy. No alerts.

⏳ Next check in 30 seconds...

======================================================================
⏰ ASG CHECK: 2025-12-03 12:15:52
======================================================================

📦 ASG: ML-Auto-scaling-Group
   Capacity: 1/1 (min:1, max:2)

──────────────────────────────────────────────────
🖥️  ASG-8768d9dd (i-0c21880718768d9dd)
   AZ: us-east-1b | Type: t2.micro
   ⚠️ Could not fetch CPU metrics

✅ All instances healthy. No alerts.

⏳ Next check in 30 seconds...

======================================================================
⏰ ASG CHECK: 2025-12-03 12:16:22
======================================================================

📦 ASG: ML-Auto-scaling-Group
   Capacity: 1/1 (min:1, max:2)

──────────────────────────────────────────────────
🖥️  ASG-8768d9dd (i-0c21880718768d9dd)
   AZ: us-east-1b | Type: t2.micro
   ⚠️ Could not fetch CPU metrics

✅ All instances healthy. No alerts.

⏳ Next check in 30 seconds...

======================================================================
⏰ ASG CHECK: 2025-12-03 12:16:53
======================================================================

📦 ASG: ML-Auto-scaling-Group
   Capacity: 1/1 (min:1, max:2)

──────────────────────────────────────────────────
🖥️  ASG-8768d9dd (i-0c21880718768d9dd)
   AZ: us-east-1b | Type: t2.micro
   ⚠️ Could not fetch CPU metrics

✅ All instances healthy. No alerts.

⏳ Next check in 30 seconds...

======================================================================
⏰ ASG CHECK: 2025-12-03 12:17:23
======================================================================

📦 ASG: ML-Auto-scaling-Group
   Capacity: 1/1 (min:1, max:2)

──────────────────────────────────────────────────
🖥️  ASG-8768d9dd (i-0c21880718768d9dd)
   AZ: us-east-1b | Type: t2.micro
   📊 CPU: 54.65% | Disk: N/A
   ⚡ CPU SPIKE on i-0c21880718768d9dd: 24.9% → 54.6%

🔧 FEATURE ENGINEERING
============================================================
   ✅ Created 38 features
   🔮 Predicted (1h): CPU: 59.7%

==================================================
📊 ASG AGGREGATE METRICS
==================================================
   Average CPU: 54.65%
   Max CPU: 54.65%
   Instances monitored: 1

🚨 1 ALERT(S) TRIGGERED!
   📧 Alert sent via SNS!

⏳ Next check in 30 seconds...

======================================================================
⏰ ASG CHECK: 2025-12-03 12:17:53
======================================================================

📦 ASG: ML-Auto-scaling-Group
   Capacity: 1/1 (min:1, max:2)

──────────────────────────────────────────────────
🖥️  ASG-8768d9dd (i-0c21880718768d9dd)
   AZ: us-east-1b | Type: t2.micro
   📊 CPU: 54.65% | Disk: N/A

🔧 FEATURE ENGINEERING
============================================================
   ✅ Created 38 features
   🔮 Predicted (1h): CPU: 59.7%

==================================================
📊 ASG AGGREGATE METRICS
==================================================
   Average CPU: 54.65%
   Max CPU: 54.65%
   Instances monitored: 1

✅ All instances healthy. No alerts.

⏳ Next check in 30 seconds...

======================================================================
⏰ ASG CHECK: 2025-12-03 12:18:23
======================================================================

📦 ASG: ML-Auto-scaling-Group
   Capacity: 1/1 (min:1, max:2)

──────────────────────────────────────────────────
🖥️  ASG-8768d9dd (i-0c21880718768d9dd)
   AZ: us-east-1b | Type: t2.micro
   ⚠️ Could not fetch CPU metrics

✅ All instances healthy. No alerts.

⏳ Next check in 30 seconds...

======================================================================
⏰ ASG CHECK: 2025-12-03 12:18:54
======================================================================

📦 ASG: ML-Auto-scaling-Group
   Capacity: 1/1 (min:1, max:2)

──────────────────────────────────────────────────
🖥️  ASG-8768d9dd (i-0c21880718768d9dd)
   AZ: us-east-1b | Type: t2.micro
   ⚠️ Could not fetch CPU metrics

✅ All instances healthy. No alerts.

⏳ Next check in 30 seconds...

======================================================================
⏰ ASG CHECK: 2025-12-03 12:19:24
======================================================================

🔍 Discovering instances in ASG: ML-Auto-scaling-Group
   ✅ Found 1 running instances:
      • ASG-8768d9dd (i-0c21880718768d9dd) - us-east-1b

📦 ASG: ML-Auto-scaling-Group
   Capacity: 1/1 (min:1, max:2)

──────────────────────────────────────────────────
🖥️  ASG-8768d9dd (i-0c21880718768d9dd)
   AZ: us-east-1b | Type: t2.micro
   ⚠️ Could not fetch CPU metrics

✅ All instances healthy. No alerts.

⏳ Next check in 30 seconds...

======================================================================
⏰ ASG CHECK: 2025-12-03 12:19:54
======================================================================

📦 ASG: ML-Auto-scaling-Group
   Capacity: 1/1 (min:1, max:2)

──────────────────────────────────────────────────
🖥️  ASG-8768d9dd (i-0c21880718768d9dd)
   AZ: us-east-1b | Type: t2.micro
   ⚠️ Could not fetch CPU metrics

✅ All instances healthy. No alerts.

⏳ Next check in 30 seconds...

======================================================================
⏰ ASG CHECK: 2025-12-03 12:20:24
======================================================================

📦 ASG: ML-Auto-scaling-Group
   Capacity: 1/1 (min:1, max:2)

──────────────────────────────────────────────────
🖥️  ASG-8768d9dd (i-0c21880718768d9dd)
   AZ: us-east-1b | Type: t2.micro
   ⚠️ Could not fetch CPU metrics

✅ All instances healthy. No alerts.

⏳ Next check in 30 seconds...

======================================================================
⏰ ASG CHECK: 2025-12-03 12:20:55
======================================================================

📦 ASG: ML-Auto-scaling-Group
   Capacity: 1/1 (min:1, max:2)

──────────────────────────────────────────────────
🖥️  ASG-8768d9dd (i-0c21880718768d9dd)
   AZ: us-east-1b | Type: t2.micro
   ⚠️ Could not fetch CPU metrics

✅ All instances healthy. No alerts.

⏳ Next check in 30 seconds...

======================================================================
⏰ ASG CHECK: 2025-12-03 12:21:25
======================================================================

📦 ASG: ML-Auto-scaling-Group
   Capacity: 1/1 (min:1, max:2)

──────────────────────────────────────────────────
🖥️  ASG-8768d9dd (i-0c21880718768d9dd)
   AZ: us-east-1b | Type: t2.micro
   ⚠️ Could not fetch CPU metrics

✅ All instances healthy. No alerts.

⏳ Next check in 30 seconds...

======================================================================
⏰ ASG CHECK: 2025-12-03 12:21:55
======================================================================

📦 ASG: ML-Auto-scaling-Group
   Capacity: 1/1 (min:1, max:2)

──────────────────────────────────────────────────
🖥️  ASG-8768d9dd (i-0c21880718768d9dd)
   AZ: us-east-1b | Type: t2.micro
   ⚠️ Could not fetch CPU metrics

✅ All instances healthy. No alerts.

⏳ Next check in 30 seconds...

======================================================================
⏰ ASG CHECK: 2025-12-03 12:22:25
======================================================================

📦 ASG: ML-Auto-scaling-Group
   Capacity: 1/1 (min:1, max:2)

──────────────────────────────────────────────────
🖥️  ASG-8768d9dd (i-0c21880718768d9dd)
   AZ: us-east-1b | Type: t2.micro
   📊 CPU: 0.14% | Disk: N/A

🔧 FEATURE ENGINEERING
============================================================
   ✅ Created 38 features
   🔮 Predicted (1h): CPU: 67.2%

==================================================
📊 ASG AGGREGATE METRICS
==================================================
   Average CPU: 0.14%
   Max CPU: 0.14%
   Instances monitored: 1

✅ All instances healthy. No alerts.

⏳ Next check in 30 seconds...

======================================================================
⏰ ASG CHECK: 2025-12-03 12:22:55
======================================================================

📦 ASG: ML-Auto-scaling-Group
   Capacity: 1/1 (min:1, max:2)

──────────────────────────────────────────────────
🖥️  ASG-8768d9dd (i-0c21880718768d9dd)
   AZ: us-east-1b | Type: t2.micro
   📊 CPU: 0.14% | Disk: N/A

🔧 FEATURE ENGINEERING
============================================================
   ✅ Created 38 features
   🔮 Predicted (1h): CPU: 67.2%

==================================================
📊 ASG AGGREGATE METRICS
==================================================
   Average CPU: 0.14%
   Max CPU: 0.14%
   Instances monitored: 1

✅ All instances healthy. No alerts.

⏳ Next check in 30 seconds...

======================================================================
⏰ ASG CHECK: 2025-12-03 12:23:26
======================================================================

📦 ASG: ML-Auto-scaling-Group
   Capacity: 1/1 (min:1, max:2)

──────────────────────────────────────────────────
🖥️  ASG-8768d9dd (i-0c21880718768d9dd)
   AZ: us-east-1b | Type: t2.micro
   ⚠️ Could not fetch CPU metrics

✅ All instances healthy. No alerts.

⏳ Next check in 30 seconds...

======================================================================
⏰ ASG CHECK: 2025-12-03 12:23:56
======================================================================

📦 ASG: ML-Auto-scaling-Group
   Capacity: 1/1 (min:1, max:2)

──────────────────────────────────────────────────
🖥️  ASG-8768d9dd (i-0c21880718768d9dd)
   AZ: us-east-1b | Type: t2.micro
   ⚠️ Could not fetch CPU metrics

✅ All instances healthy. No alerts.

⏳ Next check in 30 seconds...

======================================================================
⏰ ASG CHECK: 2025-12-03 12:24:26
======================================================================

🔍 Discovering instances in ASG: ML-Auto-scaling-Group
   ✅ Found 1 running instances:
      • ASG-8768d9dd (i-0c21880718768d9dd) - us-east-1b

📦 ASG: ML-Auto-scaling-Group
   Capacity: 1/1 (min:1, max:2)

──────────────────────────────────────────────────
🖥️  ASG-8768d9dd (i-0c21880718768d9dd)
   AZ: us-east-1b | Type: t2.micro
   ⚠️ Could not fetch CPU metrics

✅ All instances healthy. No alerts.

⏳ Next check in 30 seconds...

======================================================================
⏰ ASG CHECK: 2025-12-03 12:24:56
======================================================================

📦 ASG: ML-Auto-scaling-Group
   Capacity: 1/1 (min:1, max:2)

──────────────────────────────────────────────────
🖥️  ASG-8768d9dd (i-0c21880718768d9dd)
   AZ: us-east-1b | Type: t2.micro
   ⚠️ Could not fetch CPU metrics

✅ All instances healthy. No alerts.

⏳ Next check in 30 seconds...

======================================================================
⏰ ASG CHECK: 2025-12-03 12:25:27
======================================================================

📦 ASG: ML-Auto-scaling-Group
   Capacity: 1/1 (min:1, max:2)

──────────────────────────────────────────────────
🖥️  ASG-8768d9dd (i-0c21880718768d9dd)
   AZ: us-east-1b | Type: t2.micro
   ⚠️ Could not fetch CPU metrics

✅ All instances healthy. No alerts.

⏳ Next check in 30 seconds...

======================================================================
⏰ ASG CHECK: 2025-12-03 12:25:57
======================================================================

📦 ASG: ML-Auto-scaling-Group
   Capacity: 1/1 (min:1, max:2)

──────────────────────────────────────────────────
🖥️  ASG-8768d9dd (i-0c21880718768d9dd)
   AZ: us-east-1b | Type: t2.micro
   ⚠️ Could not fetch CPU metrics

✅ All instances healthy. No alerts.

⏳ Next check in 30 seconds...

======================================================================
⏰ ASG CHECK: 2025-12-03 12:26:27
======================================================================

📦 ASG: ML-Auto-scaling-Group
   Capacity: 1/1 (min:1, max:2)

──────────────────────────────────────────────────
🖥️  ASG-8768d9dd (i-0c21880718768d9dd)
   AZ: us-east-1b | Type: t2.micro
   ⚠️ Could not fetch CPU metrics

✅ All instances healthy. No alerts.

⏳ Next check in 30 seconds...

======================================================================
⏰ ASG CHECK: 2025-12-03 12:26:57
======================================================================

📦 ASG: ML-Auto-scaling-Group
   Capacity: 1/1 (min:1, max:2)

──────────────────────────────────────────────────
🖥️  ASG-8768d9dd (i-0c21880718768d9dd)
   AZ: us-east-1b | Type: t2.micro
   ⚠️ Could not fetch CPU metrics

✅ All instances healthy. No alerts.

⏳ Next check in 30 seconds...

======================================================================
⏰ ASG CHECK: 2025-12-03 12:27:27
======================================================================

📦 ASG: ML-Auto-scaling-Group
   Capacity: 1/1 (min:1, max:2)

──────────────────────────────────────────────────
🖥️  ASG-8768d9dd (i-0c21880718768d9dd)
   AZ: us-east-1b | Type: t2.micro
   📊 CPU: 0.20% | Disk: N/A

🔧 FEATURE ENGINEERING
============================================================
   ✅ Created 38 features
   🔮 Predicted (1h): CPU: 67.2%

==================================================
📊 ASG AGGREGATE METRICS
==================================================
   Average CPU: 0.20%
   Max CPU: 0.20%
   Instances monitored: 1

✅ All instances healthy. No alerts.

⏳ Next check in 30 seconds...

======================================================================
⏰ ASG CHECK: 2025-12-03 12:27:58
======================================================================

📦 ASG: ML-Auto-scaling-Group
   Capacity: 1/1 (min:1, max:2)

──────────────────────────────────────────────────
🖥️  ASG-8768d9dd (i-0c21880718768d9dd)
   AZ: us-east-1b | Type: t2.micro
   📊 CPU: 0.20% | Disk: N/A

🔧 FEATURE ENGINEERING
============================================================
   ✅ Created 38 features
   🔮 Predicted (1h): CPU: 67.2%

==================================================
📊 ASG AGGREGATE METRICS
==================================================
   Average CPU: 0.20%
   Max CPU: 0.20%
   Instances monitored: 1

✅ All instances healthy. No alerts.

⏳ Next check in 30 seconds...

======================================================================
⏰ ASG CHECK: 2025-12-03 12:28:28
======================================================================

📦 ASG: ML-Auto-scaling-Group
   Capacity: 1/1 (min:1, max:2)

──────────────────────────────────────────────────
🖥️  ASG-8768d9dd (i-0c21880718768d9dd)
   AZ: us-east-1b | Type: t2.micro
   ⚠️ Could not fetch CPU metrics

✅ All instances healthy. No alerts.

⏳ Next check in 30 seconds...

======================================================================
⏰ ASG CHECK: 2025-12-03 12:28:58
======================================================================

📦 ASG: ML-Auto-scaling-Group
   Capacity: 1/1 (min:1, max:2)

──────────────────────────────────────────────────
🖥️  ASG-8768d9dd (i-0c21880718768d9dd)
   AZ: us-east-1b | Type: t2.micro
   ⚠️ Could not fetch CPU metrics

✅ All instances healthy. No alerts.

⏳ Next check in 30 seconds...

======================================================================
⏰ ASG CHECK: 2025-12-03 12:29:28
======================================================================

🔍 Discovering instances in ASG: ML-Auto-scaling-Group
   ✅ Found 1 running instances:
      • ASG-8768d9dd (i-0c21880718768d9dd) - us-east-1b

📦 ASG: ML-Auto-scaling-Group
   Capacity: 1/1 (min:1, max:2)

──────────────────────────────────────────────────
🖥️  ASG-8768d9dd (i-0c21880718768d9dd)
   AZ: us-east-1b | Type: t2.micro
   ⚠️ Could not fetch CPU metrics

✅ All instances healthy. No alerts.

⏳ Next check in 30 seconds...

======================================================================
⏰ ASG CHECK: 2025-12-03 12:29:59
======================================================================

📦 ASG: ML-Auto-scaling-Group
   Capacity: 1/1 (min:1, max:2)

──────────────────────────────────────────────────
🖥️  ASG-8768d9dd (i-0c21880718768d9dd)
   AZ: us-east-1b | Type: t2.micro
   ⚠️ Could not fetch CPU metrics

✅ All instances healthy. No alerts.

⏳ Next check in 30 seconds...

======================================================================
⏰ ASG CHECK: 2025-12-03 12:30:29
======================================================================

📦 ASG: ML-Auto-scaling-Group
   Capacity: 1/1 (min:1, max:2)

──────────────────────────────────────────────────
🖥️  ASG-8768d9dd (i-0c21880718768d9dd)
   AZ: us-east-1b | Type: t2.micro
   ⚠️ Could not fetch CPU metrics

✅ All instances healthy. No alerts.

⏳ Next check in 30 seconds...

======================================================================
⏰ ASG CHECK: 2025-12-03 12:30:59
======================================================================

📦 ASG: ML-Auto-scaling-Group
   Capacity: 1/1 (min:1, max:2)

──────────────────────────────────────────────────
🖥️  ASG-8768d9dd (i-0c21880718768d9dd)
   AZ: us-east-1b | Type: t2.micro
   ⚠️ Could not fetch CPU metrics

✅ All instances healthy. No alerts.

⏳ Next check in 30 seconds...

======================================================================
⏰ ASG CHECK: 2025-12-03 12:31:29
======================================================================

📦 ASG: ML-Auto-scaling-Group
   Capacity: 1/1 (min:1, max:2)

──────────────────────────────────────────────────
🖥️  ASG-8768d9dd (i-0c21880718768d9dd)
   AZ: us-east-1b | Type: t2.micro
   ⚠️ Could not fetch CPU metrics

✅ All instances healthy. No alerts.

⏳ Next check in 30 seconds...

======================================================================
⏰ ASG CHECK: 2025-12-03 12:31:59
======================================================================

📦 ASG: ML-Auto-scaling-Group
   Capacity: 1/1 (min:1, max:2)

──────────────────────────────────────────────────
🖥️  ASG-8768d9dd (i-0c21880718768d9dd)
   AZ: us-east-1b | Type: t2.micro
   ⚠️ Could not fetch CPU metrics

✅ All instances healthy. No alerts.

⏳ Next check in 30 seconds...

======================================================================
⏰ ASG CHECK: 2025-12-03 12:32:30
======================================================================

📦 ASG: ML-Auto-scaling-Group
   Capacity: 1/1 (min:1, max:2)

──────────────────────────────────────────────────
🖥️  ASG-8768d9dd (i-0c21880718768d9dd)
   AZ: us-east-1b | Type: t2.micro
   📊 CPU: 0.14% | Disk: N/A

🔧 FEATURE ENGINEERING
============================================================
   ✅ Created 38 features
   🔮 Predicted (1h): CPU: 67.2%

==================================================
📊 ASG AGGREGATE METRICS
==================================================
   Average CPU: 0.14%
   Max CPU: 0.14%
   Instances monitored: 1

✅ All instances healthy. No alerts.

⏳ Next check in 30 seconds...

======================================================================
⏰ ASG CHECK: 2025-12-03 12:33:00
======================================================================

📦 ASG: ML-Auto-scaling-Group
   Capacity: 1/1 (min:1, max:2)

──────────────────────────────────────────────────
🖥️  ASG-8768d9dd (i-0c21880718768d9dd)
   AZ: us-east-1b | Type: t2.micro
   ⚠️ Could not fetch CPU metrics

✅ All instances healthy. No alerts.

⏳ Next check in 30 seconds...

======================================================================
⏰ ASG CHECK: 2025-12-03 12:33:30
======================================================================

📦 ASG: ML-Auto-scaling-Group
   Capacity: 1/1 (min:1, max:2)

──────────────────────────────────────────────────
🖥️  ASG-8768d9dd (i-0c21880718768d9dd)
   AZ: us-east-1b | Type: t2.micro
   ⚠️ Could not fetch CPU metrics

✅ All instances healthy. No alerts.

⏳ Next check in 30 seconds...

======================================================================
⏰ ASG CHECK: 2025-12-03 12:34:00
======================================================================

📦 ASG: ML-Auto-scaling-Group
   Capacity: 1/1 (min:1, max:2)

──────────────────────────────────────────────────
🖥️  ASG-8768d9dd (i-0c21880718768d9dd)
   AZ: us-east-1b | Type: t2.micro
   ⚠️ Could not fetch CPU metrics

✅ All instances healthy. No alerts.

⏳ Next check in 30 seconds...

======================================================================
⏰ ASG CHECK: 2025-12-03 12:34:30
======================================================================

🔍 Discovering instances in ASG: ML-Auto-scaling-Group
   ✅ Found 1 running instances:
      • ASG-8768d9dd (i-0c21880718768d9dd) - us-east-1b

📦 ASG: ML-Auto-scaling-Group
   Capacity: 1/1 (min:1, max:2)

──────────────────────────────────────────────────
🖥️  ASG-8768d9dd (i-0c21880718768d9dd)
   AZ: us-east-1b | Type: t2.micro
   ⚠️ Could not fetch CPU metrics

✅ All instances healthy. No alerts.

⏳ Next check in 30 seconds...

======================================================================
⏰ ASG CHECK: 2025-12-03 12:35:01
======================================================================

📦 ASG: ML-Auto-scaling-Group
   Capacity: 1/1 (min:1, max:2)

──────────────────────────────────────────────────
🖥️  ASG-8768d9dd (i-0c21880718768d9dd)
   AZ: us-east-1b | Type: t2.micro
   ⚠️ Could not fetch CPU metrics

✅ All instances healthy. No alerts.

⏳ Next check in 30 seconds...

======================================================================
⏰ ASG CHECK: 2025-12-03 12:35:31
======================================================================

📦 ASG: ML-Auto-scaling-Group
   Capacity: 1/1 (min:1, max:2)

──────────────────────────────────────────────────
🖥️  ASG-8768d9dd (i-0c21880718768d9dd)
   AZ: us-east-1b | Type: t2.micro
   ⚠️ Could not fetch CPU metrics

✅ All instances healthy. No alerts.

⏳ Next check in 30 seconds...

======================================================================
⏰ ASG CHECK: 2025-12-03 12:36:01
======================================================================

📦 ASG: ML-Auto-scaling-Group
   Capacity: 1/1 (min:1, max:2)

──────────────────────────────────────────────────
🖥️  ASG-8768d9dd (i-0c21880718768d9dd)
   AZ: us-east-1b | Type: t2.micro
   ⚠️ Could not fetch CPU metrics

✅ All instances healthy. No alerts.

⏳ Next check in 30 seconds...

======================================================================
⏰ ASG CHECK: 2025-12-03 12:36:31
======================================================================

📦 ASG: ML-Auto-scaling-Group
   Capacity: 1/1 (min:1, max:2)

──────────────────────────────────────────────────
🖥️  ASG-8768d9dd (i-0c21880718768d9dd)
   AZ: us-east-1b | Type: t2.micro
   ⚠️ Could not fetch CPU metrics

✅ All instances healthy. No alerts.

⏳ Next check in 30 seconds...

======================================================================
⏰ ASG CHECK: 2025-12-03 12:37:01
======================================================================

📦 ASG: ML-Auto-scaling-Group
   Capacity: 1/1 (min:1, max:2)

──────────────────────────────────────────────────
🖥️  ASG-8768d9dd (i-0c21880718768d9dd)
   AZ: us-east-1b | Type: t2.micro
   ⚠️ Could not fetch CPU metrics

✅ All instances healthy. No alerts.

⏳ Next check in 30 seconds...

======================================================================
⏰ ASG CHECK: 2025-12-03 12:37:32
======================================================================

📦 ASG: ML-Auto-scaling-Group
   Capacity: 1/1 (min:1, max:2)

──────────────────────────────────────────────────
🖥️  ASG-8768d9dd (i-0c21880718768d9dd)
   AZ: us-east-1b | Type: t2.micro
   📊 CPU: 0.13% | Disk: N/A

🔧 FEATURE ENGINEERING
============================================================
   ✅ Created 38 features
   🔮 Predicted (1h): CPU: 67.2%

==================================================
📊 ASG AGGREGATE METRICS
==================================================
   Average CPU: 0.13%
   Max CPU: 0.13%
   Instances monitored: 1

✅ All instances healthy. No alerts.

⏳ Next check in 30 seconds...

======================================================================
⏰ ASG CHECK: 2025-12-03 12:38:02
======================================================================

📦 ASG: ML-Auto-scaling-Group
   Capacity: 1/1 (min:1, max:2)

──────────────────────────────────────────────────
🖥️  ASG-8768d9dd (i-0c21880718768d9dd)
   AZ: us-east-1b | Type: t2.micro
   ⚠️ Could not fetch CPU metrics

✅ All instances healthy. No alerts.

⏳ Next check in 30 seconds...

======================================================================
⏰ ASG CHECK: 2025-12-03 12:38:32
======================================================================

📦 ASG: ML-Auto-scaling-Group
   Capacity: 1/1 (min:1, max:2)

──────────────────────────────────────────────────
🖥️  ASG-8768d9dd (i-0c21880718768d9dd)
   AZ: us-east-1b | Type: t2.micro
   ⚠️ Could not fetch CPU metrics

✅ All instances healthy. No alerts.

⏳ Next check in 30 seconds...

======================================================================
⏰ ASG CHECK: 2025-12-03 12:39:02
======================================================================

📦 ASG: ML-Auto-scaling-Group
   Capacity: 1/1 (min:1, max:2)

──────────────────────────────────────────────────
🖥️  ASG-8768d9dd (i-0c21880718768d9dd)
   AZ: us-east-1b | Type: t2.micro
   ⚠️ Could not fetch CPU metrics

✅ All instances healthy. No alerts.

⏳ Next check in 30 seconds...

======================================================================
⏰ ASG CHECK: 2025-12-03 12:39:33
======================================================================

🔍 Discovering instances in ASG: ML-Auto-scaling-Group
   ✅ Found 1 running instances:
      • ASG-8768d9dd (i-0c21880718768d9dd) - us-east-1b

📦 ASG: ML-Auto-scaling-Group
   Capacity: 1/1 (min:1, max:2)

──────────────────────────────────────────────────
🖥️  ASG-8768d9dd (i-0c21880718768d9dd)
   AZ: us-east-1b | Type: t2.micro
   ⚠️ Could not fetch CPU metrics

✅ All instances healthy. No alerts.

⏳ Next check in 30 seconds...

======================================================================
⏰ ASG CHECK: 2025-12-03 12:40:03
======================================================================

📦 ASG: ML-Auto-scaling-Group
   Capacity: 1/1 (min:1, max:2)

──────────────────────────────────────────────────
🖥️  ASG-8768d9dd (i-0c21880718768d9dd)
   AZ: us-east-1b | Type: t2.micro
   ⚠️ Could not fetch CPU metrics

✅ All instances healthy. No alerts.

⏳ Next check in 30 seconds...

======================================================================
⏰ ASG CHECK: 2025-12-03 12:40:33
======================================================================

📦 ASG: ML-Auto-scaling-Group
   Capacity: 1/1 (min:1, max:2)

──────────────────────────────────────────────────
🖥️  ASG-8768d9dd (i-0c21880718768d9dd)
   AZ: us-east-1b | Type: t2.micro
   ⚠️ Could not fetch CPU metrics

✅ All instances healthy. No alerts.

⏳ Next check in 30 seconds...

======================================================================
⏰ ASG CHECK: 2025-12-03 12:41:03
======================================================================

📦 ASG: ML-Auto-scaling-Group
   Capacity: 1/1 (min:1, max:2)

──────────────────────────────────────────────────
🖥️  ASG-8768d9dd (i-0c21880718768d9dd)
   AZ: us-east-1b | Type: t2.micro
   ⚠️ Could not fetch CPU metrics

✅ All instances healthy. No alerts.

⏳ Next check in 30 seconds...

======================================================================
⏰ ASG CHECK: 2025-12-03 12:41:33
======================================================================

📦 ASG: ML-Auto-scaling-Group
   Capacity: 1/1 (min:1, max:2)

──────────────────────────────────────────────────
🖥️  ASG-8768d9dd (i-0c21880718768d9dd)
   AZ: us-east-1b | Type: t2.micro
   ⚠️ Could not fetch CPU metrics

✅ All instances healthy. No alerts.

⏳ Next check in 30 seconds...

======================================================================
⏰ ASG CHECK: 2025-12-03 12:42:04
======================================================================

📦 ASG: ML-Auto-scaling-Group
   Capacity: 1/1 (min:1, max:2)

──────────────────────────────────────────────────
🖥️  ASG-8768d9dd (i-0c21880718768d9dd)
   AZ: us-east-1b | Type: t2.micro
   ⚠️ Could not fetch CPU metrics

✅ All instances healthy. No alerts.

⏳ Next check in 30 seconds...

======================================================================
⏰ ASG CHECK: 2025-12-03 12:42:34
======================================================================

📦 ASG: ML-Auto-scaling-Group
   Capacity: 1/1 (min:1, max:2)

──────────────────────────────────────────────────
🖥️  ASG-8768d9dd (i-0c21880718768d9dd)
   AZ: us-east-1b | Type: t2.micro
   📊 CPU: 0.13% | Disk: N/A

🔧 FEATURE ENGINEERING
============================================================
   ✅ Created 38 features
   🔮 Predicted (1h): CPU: 67.2%

==================================================
📊 ASG AGGREGATE METRICS
==================================================
   Average CPU: 0.13%
   Max CPU: 0.13%
   Instances monitored: 1

✅ All instances healthy. No alerts.

⏳ Next check in 30 seconds...

======================================================================
⏰ ASG CHECK: 2025-12-03 12:43:04
======================================================================

📦 ASG: ML-Auto-scaling-Group
   Capacity: 1/1 (min:1, max:2)

──────────────────────────────────────────────────
🖥️  ASG-8768d9dd (i-0c21880718768d9dd)
   AZ: us-east-1b | Type: t2.micro
   ⚠️ Could not fetch CPU metrics

✅ All instances healthy. No alerts.

⏳ Next check in 30 seconds...

======================================================================
⏰ ASG CHECK: 2025-12-03 12:43:34
======================================================================

📦 ASG: ML-Auto-scaling-Group
   Capacity: 1/1 (min:1, max:2)

──────────────────────────────────────────────────
🖥️  ASG-8768d9dd (i-0c21880718768d9dd)
   AZ: us-east-1b | Type: t2.micro
   ⚠️ Could not fetch CPU metrics

✅ All instances healthy. No alerts.

⏳ Next check in 30 seconds...

======================================================================
⏰ ASG CHECK: 2025-12-03 12:44:05
======================================================================

📦 ASG: ML-Auto-scaling-Group
   Capacity: 1/1 (min:1, max:2)

──────────────────────────────────────────────────
🖥️  ASG-8768d9dd (i-0c21880718768d9dd)
   AZ: us-east-1b | Type: t2.micro
   ⚠️ Could not fetch CPU metrics

✅ All instances healthy. No alerts.

⏳ Next check in 30 seconds...

======================================================================
⏰ ASG CHECK: 2025-12-03 12:44:35
======================================================================

🔍 Discovering instances in ASG: ML-Auto-scaling-Group
   ✅ Found 1 running instances:
      • ASG-8768d9dd (i-0c21880718768d9dd) - us-east-1b

📦 ASG: ML-Auto-scaling-Group
   Capacity: 1/1 (min:1, max:2)

──────────────────────────────────────────────────
🖥️  ASG-8768d9dd (i-0c21880718768d9dd)
   AZ: us-east-1b | Type: t2.micro
   ⚠️ Could not fetch CPU metrics

✅ All instances healthy. No alerts.

⏳ Next check in 30 seconds...

======================================================================
⏰ ASG CHECK: 2025-12-03 12:45:05
======================================================================

📦 ASG: ML-Auto-scaling-Group
   Capacity: 1/1 (min:1, max:2)

──────────────────────────────────────────────────
🖥️  ASG-8768d9dd (i-0c21880718768d9dd)
   AZ: us-east-1b | Type: t2.micro
   ⚠️ Could not fetch CPU metrics

✅ All instances healthy. No alerts.

⏳ Next check in 30 seconds...

======================================================================
⏰ ASG CHECK: 2025-12-03 12:45:35
======================================================================

📦 ASG: ML-Auto-scaling-Group
   Capacity: 1/1 (min:1, max:2)

──────────────────────────────────────────────────
🖥️  ASG-8768d9dd (i-0c21880718768d9dd)
   AZ: us-east-1b | Type: t2.micro
   ⚠️ Could not fetch CPU metrics

✅ All instances healthy. No alerts.

⏳ Next check in 30 seconds...

======================================================================
⏰ ASG CHECK: 2025-12-03 12:46:05
======================================================================

📦 ASG: ML-Auto-scaling-Group
   Capacity: 1/1 (min:1, max:2)

──────────────────────────────────────────────────
🖥️  ASG-8768d9dd (i-0c21880718768d9dd)
   AZ: us-east-1b | Type: t2.micro
   ⚠️ Could not fetch CPU metrics

✅ All instances healthy. No alerts.

⏳ Next check in 30 seconds...

======================================================================
⏰ ASG CHECK: 2025-12-03 12:46:36
======================================================================

📦 ASG: ML-Auto-scaling-Group
   Capacity: 1/1 (min:1, max:2)

──────────────────────────────────────────────────
🖥️  ASG-8768d9dd (i-0c21880718768d9dd)
   AZ: us-east-1b | Type: t2.micro
   ⚠️ Could not fetch CPU metrics

✅ All instances healthy. No alerts.

⏳ Next check in 30 seconds...

======================================================================
⏰ ASG CHECK: 2025-12-03 12:47:06
======================================================================

📦 ASG: ML-Auto-scaling-Group
   Capacity: 1/1 (min:1, max:2)

──────────────────────────────────────────────────
🖥️  ASG-8768d9dd (i-0c21880718768d9dd)
   AZ: us-east-1b | Type: t2.micro
   ⚠️ Could not fetch CPU metrics

✅ All instances healthy. No alerts.

⏳ Next check in 30 seconds...

======================================================================
⏰ ASG CHECK: 2025-12-03 12:47:36
======================================================================

📦 ASG: ML-Auto-scaling-Group
   Capacity: 1/1 (min:1, max:2)

──────────────────────────────────────────────────
🖥️  ASG-8768d9dd (i-0c21880718768d9dd)
   AZ: us-east-1b | Type: t2.micro
   📊 CPU: 3.44% | Disk: N/A

🔧 FEATURE ENGINEERING
============================================================
   ✅ Created 38 features
   🔮 Predicted (1h): CPU: 67.2%

==================================================
📊 ASG AGGREGATE METRICS
==================================================
   Average CPU: 3.44%
   Max CPU: 3.44%
   Instances monitored: 1

✅ All instances healthy. No alerts.

⏳ Next check in 30 seconds...

======================================================================
⏰ ASG CHECK: 2025-12-03 12:48:06
======================================================================

📦 ASG: ML-Auto-scaling-Group
   Capacity: 1/1 (min:1, max:2)

──────────────────────────────────────────────────
🖥️  ASG-8768d9dd (i-0c21880718768d9dd)
   AZ: us-east-1b | Type: t2.micro
   ⚠️ Could not fetch CPU metrics

✅ All instances healthy. No alerts.

⏳ Next check in 30 seconds...

======================================================================
⏰ ASG CHECK: 2025-12-03 12:48:37
======================================================================

📦 ASG: ML-Auto-scaling-Group
   Capacity: 1/1 (min:1, max:2)

──────────────────────────────────────────────────
🖥️  ASG-8768d9dd (i-0c21880718768d9dd)
   AZ: us-east-1b | Type: t2.micro
   ⚠️ Could not fetch CPU metrics

✅ All instances healthy. No alerts.

⏳ Next check in 30 seconds...

======================================================================
⏰ ASG CHECK: 2025-12-03 12:49:07
======================================================================

📦 ASG: ML-Auto-scaling-Group
   Capacity: 1/1 (min:1, max:2)

──────────────────────────────────────────────────
🖥️  ASG-8768d9dd (i-0c21880718768d9dd)
   AZ: us-east-1b | Type: t2.micro
   ⚠️ Could not fetch CPU metrics

✅ All instances healthy. No alerts.

⏳ Next check in 30 seconds...

======================================================================
⏰ ASG CHECK: 2025-12-03 12:49:37
======================================================================

🔍 Discovering instances in ASG: ML-Auto-scaling-Group
   ✅ Found 1 running instances:
      • ASG-8768d9dd (i-0c21880718768d9dd) - us-east-1b

📦 ASG: ML-Auto-scaling-Group
   Capacity: 1/1 (min:1, max:2)

──────────────────────────────────────────────────
🖥️  ASG-8768d9dd (i-0c21880718768d9dd)
   AZ: us-east-1b | Type: t2.micro
   ⚠️ Could not fetch CPU metrics

✅ All instances healthy. No alerts.

⏳ Next check in 30 seconds...

======================================================================
⏰ ASG CHECK: 2025-12-03 12:50:07
======================================================================

📦 ASG: ML-Auto-scaling-Group
   Capacity: 1/1 (min:1, max:2)

──────────────────────────────────────────────────
🖥️  ASG-8768d9dd (i-0c21880718768d9dd)
   AZ: us-east-1b | Type: t2.micro
   ⚠️ Could not fetch CPU metrics

✅ All instances healthy. No alerts.

⏳ Next check in 30 seconds...

======================================================================
⏰ ASG CHECK: 2025-12-03 12:50:38
======================================================================

📦 ASG: ML-Auto-scaling-Group
   Capacity: 1/1 (min:1, max:2)

──────────────────────────────────────────────────
🖥️  ASG-8768d9dd (i-0c21880718768d9dd)
   AZ: us-east-1b | Type: t2.micro
   ⚠️ Could not fetch CPU metrics

✅ All instances healthy. No alerts.

⏳ Next check in 30 seconds...

======================================================================
⏰ ASG CHECK: 2025-12-03 12:51:08
======================================================================

📦 ASG: ML-Auto-scaling-Group
   Capacity: 1/1 (min:1, max:2)

──────────────────────────────────────────────────
🖥️  ASG-8768d9dd (i-0c21880718768d9dd)
   AZ: us-east-1b | Type: t2.micro
   ⚠️ Could not fetch CPU metrics

✅ All instances healthy. No alerts.

⏳ Next check in 30 seconds...

======================================================================
⏰ ASG CHECK: 2025-12-03 12:51:38
======================================================================

📦 ASG: ML-Auto-scaling-Group
   Capacity: 1/1 (min:1, max:2)

──────────────────────────────────────────────────
🖥️  ASG-8768d9dd (i-0c21880718768d9dd)
   AZ: us-east-1b | Type: t2.micro
   ⚠️ Could not fetch CPU metrics

✅ All instances healthy. No alerts.

⏳ Next check in 30 seconds...

======================================================================
⏰ ASG CHECK: 2025-12-03 12:52:08
======================================================================

📦 ASG: ML-Auto-scaling-Group
   Capacity: 1/1 (min:1, max:2)

──────────────────────────────────────────────────
🖥️  ASG-8768d9dd (i-0c21880718768d9dd)
   AZ: us-east-1b | Type: t2.micro
   ⚠️ Could not fetch CPU metrics

✅ All instances healthy. No alerts.

⏳ Next check in 30 seconds...

======================================================================
⏰ ASG CHECK: 2025-12-03 12:52:38
======================================================================

📦 ASG: ML-Auto-scaling-Group
   Capacity: 1/1 (min:1, max:2)

──────────────────────────────────────────────────
🖥️  ASG-8768d9dd (i-0c21880718768d9dd)
   AZ: us-east-1b | Type: t2.micro
   📊 CPU: 36.39% | Disk: N/A
   ⚡ CPU SPIKE on i-0c21880718768d9dd: 3.4% → 36.4%

🔧 FEATURE ENGINEERING
============================================================
   ✅ Created 38 features
   🔮 Predicted (1h): CPU: 61.1%

==================================================
📊 ASG AGGREGATE METRICS
==================================================
   Average CPU: 36.39%
   Max CPU: 36.39%
   Instances monitored: 1

🚨 1 ALERT(S) TRIGGERED!
   📧 Alert sent via SNS!

⏳ Next check in 30 seconds...

======================================================================
⏰ ASG CHECK: 2025-12-03 12:53:09
======================================================================

📦 ASG: ML-Auto-scaling-Group
   Capacity: 1/1 (min:1, max:2)

──────────────────────────────────────────────────
🖥️  ASG-8768d9dd (i-0c21880718768d9dd)
   AZ: us-east-1b | Type: t2.micro
   ⚠️ Could not fetch CPU metrics

✅ All instances healthy. No alerts.

⏳ Next check in 30 seconds...

======================================================================
⏰ ASG CHECK: 2025-12-03 12:53:39
======================================================================

📦 ASG: ML-Auto-scaling-Group
   Capacity: 1/1 (min:1, max:2)

──────────────────────────────────────────────────
🖥️  ASG-8768d9dd (i-0c21880718768d9dd)
   AZ: us-east-1b | Type: t2.micro
   ⚠️ Could not fetch CPU metrics

✅ All instances healthy. No alerts.

⏳ Next check in 30 seconds...

======================================================================
⏰ ASG CHECK: 2025-12-03 12:54:09
======================================================================

📦 ASG: ML-Auto-scaling-Group
   Capacity: 1/1 (min:1, max:2)

──────────────────────────────────────────────────
🖥️  ASG-8768d9dd (i-0c21880718768d9dd)
   AZ: us-east-1b | Type: t2.micro
   ⚠️ Could not fetch CPU metrics

✅ All instances healthy. No alerts.

⏳ Next check in 30 seconds...

======================================================================
⏰ ASG CHECK: 2025-12-03 12:54:39
======================================================================

🔍 Discovering instances in ASG: ML-Auto-scaling-Group
   ✅ Found 1 running instances:
      • ASG-8768d9dd (i-0c21880718768d9dd) - us-east-1b

📦 ASG: ML-Auto-scaling-Group
   Capacity: 1/1 (min:1, max:2)

──────────────────────────────────────────────────
🖥️  ASG-8768d9dd (i-0c21880718768d9dd)
   AZ: us-east-1b | Type: t2.micro
   ⚠️ Could not fetch CPU metrics

✅ All instances healthy. No alerts.

⏳ Next check in 30 seconds...

======================================================================
⏰ ASG CHECK: 2025-12-03 12:55:10
======================================================================

📦 ASG: ML-Auto-scaling-Group
   Capacity: 1/1 (min:1, max:2)

──────────────────────────────────────────────────
🖥️  ASG-8768d9dd (i-0c21880718768d9dd)
   AZ: us-east-1b | Type: t2.micro
   ⚠️ Could not fetch CPU metrics

✅ All instances healthy. No alerts.

⏳ Next check in 30 seconds...

======================================================================
⏰ ASG CHECK: 2025-12-03 12:55:40
======================================================================

📦 ASG: ML-Auto-scaling-Group
   Capacity: 1/1 (min:1, max:2)

──────────────────────────────────────────────────
🖥️  ASG-8768d9dd (i-0c21880718768d9dd)
   AZ: us-east-1b | Type: t2.micro
   ⚠️ Could not fetch CPU metrics

✅ All instances healthy. No alerts.

⏳ Next check in 30 seconds...

======================================================================
⏰ ASG CHECK: 2025-12-03 12:56:10
======================================================================

📦 ASG: ML-Auto-scaling-Group
   Capacity: 1/1 (min:1, max:2)

──────────────────────────────────────────────────
🖥️  ASG-8768d9dd (i-0c21880718768d9dd)
   AZ: us-east-1b | Type: t2.micro
   ⚠️ Could not fetch CPU metrics

✅ All instances healthy. No alerts.

⏳ Next check in 30 seconds...

======================================================================
⏰ ASG CHECK: 2025-12-03 12:56:40
======================================================================

📦 ASG: ML-Auto-scaling-Group
   Capacity: 1/1 (min:1, max:2)

──────────────────────────────────────────────────
🖥️  ASG-8768d9dd (i-0c21880718768d9dd)
   AZ: us-east-1b | Type: t2.micro
   ⚠️ Could not fetch CPU metrics

✅ All instances healthy. No alerts.

⏳ Next check in 30 seconds...

======================================================================
⏰ ASG CHECK: 2025-12-03 12:57:10
======================================================================

📦 ASG: ML-Auto-scaling-Group
   Capacity: 1/1 (min:1, max:2)

──────────────────────────────────────────────────
🖥️  ASG-8768d9dd (i-0c21880718768d9dd)
   AZ: us-east-1b | Type: t2.micro
   ⚠️ Could not fetch CPU metrics

✅ All instances healthy. No alerts.

⏳ Next check in 30 seconds...

======================================================================
⏰ ASG CHECK: 2025-12-03 12:57:40
======================================================================

📦 ASG: ML-Auto-scaling-Group
   Capacity: 1/1 (min:1, max:2)

──────────────────────────────────────────────────
🖥️  ASG-8768d9dd (i-0c21880718768d9dd)
   AZ: us-east-1b | Type: t2.micro
   📊 CPU: 0.13% | Disk: N/A

🔧 FEATURE ENGINEERING
============================================================
   ✅ Created 38 features
   🔮 Predicted (1h): CPU: 67.2%

==================================================
📊 ASG AGGREGATE METRICS
==================================================
   Average CPU: 0.13%
   Max CPU: 0.13%
   Instances monitored: 1

✅ All instances healthy. No alerts.

⏳ Next check in 30 seconds...

======================================================================
⏰ ASG CHECK: 2025-12-03 12:58:11
======================================================================

📦 ASG: ML-Auto-scaling-Group
   Capacity: 1/1 (min:1, max:2)

──────────────────────────────────────────────────
🖥️  ASG-8768d9dd (i-0c21880718768d9dd)
   AZ: us-east-1b | Type: t2.micro
   ⚠️ Could not fetch CPU metrics

✅ All instances healthy. No alerts.

⏳ Next check in 30 seconds...

======================================================================
⏰ ASG CHECK: 2025-12-03 12:58:41
======================================================================

📦 ASG: ML-Auto-scaling-Group
   Capacity: 1/1 (min:1, max:2)

──────────────────────────────────────────────────
🖥️  ASG-8768d9dd (i-0c21880718768d9dd)
   AZ: us-east-1b | Type: t2.micro
   ⚠️ Could not fetch CPU metrics

✅ All instances healthy. No alerts.

⏳ Next check in 30 seconds...

======================================================================
⏰ ASG CHECK: 2025-12-03 12:59:11
======================================================================

📦 ASG: ML-Auto-scaling-Group
   Capacity: 1/1 (min:1, max:2)

──────────────────────────────────────────────────
🖥️  ASG-8768d9dd (i-0c21880718768d9dd)
   AZ: us-east-1b | Type: t2.micro
   ⚠️ Could not fetch CPU metrics

✅ All instances healthy. No alerts.

⏳ Next check in 30 seconds...

======================================================================
⏰ ASG CHECK: 2025-12-03 12:59:41
======================================================================

🔍 Discovering instances in ASG: ML-Auto-scaling-Group
   ✅ Found 1 running instances:
      • ASG-8768d9dd (i-0c21880718768d9dd) - us-east-1b

📦 ASG: ML-Auto-scaling-Group
   Capacity: 1/1 (min:1, max:2)

──────────────────────────────────────────────────
🖥️  ASG-8768d9dd (i-0c21880718768d9dd)
   AZ: us-east-1b | Type: t2.micro
   ⚠️ Could not fetch CPU metrics

✅ All instances healthy. No alerts.

⏳ Next check in 30 seconds...

======================================================================
⏰ ASG CHECK: 2025-12-03 13:00:12
======================================================================

📦 ASG: ML-Auto-scaling-Group
   Capacity: 1/1 (min:1, max:2)

──────────────────────────────────────────────────
🖥️  ASG-8768d9dd (i-0c21880718768d9dd)
   AZ: us-east-1b | Type: t2.micro
   ⚠️ Could not fetch CPU metrics

✅ All instances healthy. No alerts.

⏳ Next check in 30 seconds...

======================================================================
⏰ ASG CHECK: 2025-12-03 13:00:42
======================================================================

📦 ASG: ML-Auto-scaling-Group
   Capacity: 1/1 (min:1, max:2)

──────────────────────────────────────────────────
🖥️  ASG-8768d9dd (i-0c21880718768d9dd)
   AZ: us-east-1b | Type: t2.micro
   ⚠️ Could not fetch CPU metrics

✅ All instances healthy. No alerts.

⏳ Next check in 30 seconds...

======================================================================
⏰ ASG CHECK: 2025-12-03 13:01:12
======================================================================

📦 ASG: ML-Auto-scaling-Group
   Capacity: 1/1 (min:1, max:2)

──────────────────────────────────────────────────
🖥️  ASG-8768d9dd (i-0c21880718768d9dd)
   AZ: us-east-1b | Type: t2.micro
   ⚠️ Could not fetch CPU metrics

✅ All instances healthy. No alerts.

⏳ Next check in 30 seconds...

======================================================================
⏰ ASG CHECK: 2025-12-03 13:01:42
======================================================================

📦 ASG: ML-Auto-scaling-Group
   Capacity: 1/1 (min:1, max:2)

──────────────────────────────────────────────────
🖥️  ASG-8768d9dd (i-0c21880718768d9dd)
   AZ: us-east-1b | Type: t2.micro
   ⚠️ Could not fetch CPU metrics

✅ All instances healthy. No alerts.

⏳ Next check in 30 seconds...

======================================================================
⏰ ASG CHECK: 2025-12-03 13:02:13
======================================================================

📦 ASG: ML-Auto-scaling-Group
   Capacity: 1/1 (min:1, max:2)

──────────────────────────────────────────────────
🖥️  ASG-8768d9dd (i-0c21880718768d9dd)
   AZ: us-east-1b | Type: t2.micro
   ⚠️ Could not fetch CPU metrics

✅ All instances healthy. No alerts.

⏳ Next check in 30 seconds...

======================================================================
⏰ ASG CHECK: 2025-12-03 13:02:43
======================================================================

📦 ASG: ML-Auto-scaling-Group
   Capacity: 1/1 (min:1, max:2)

──────────────────────────────────────────────────
🖥️  ASG-8768d9dd (i-0c21880718768d9dd)
   AZ: us-east-1b | Type: t2.micro
   📊 CPU: 0.13% | Disk: N/A

🔧 FEATURE ENGINEERING
============================================================
   ✅ Created 38 features
   🔮 Predicted (1h): CPU: 67.2%

==================================================
📊 ASG AGGREGATE METRICS
==================================================
   Average CPU: 0.13%
   Max CPU: 0.13%
   Instances monitored: 1

✅ All instances healthy. No alerts.

⏳ Next check in 30 seconds...

======================================================================
⏰ ASG CHECK: 2025-12-03 13:03:13
======================================================================

📦 ASG: ML-Auto-scaling-Group
   Capacity: 1/1 (min:1, max:2)

──────────────────────────────────────────────────
🖥️  ASG-8768d9dd (i-0c21880718768d9dd)
   AZ: us-east-1b | Type: t2.micro
   ⚠️ Could not fetch CPU metrics

✅ All instances healthy. No alerts.
